"","datasetID","sampleID","predict.cluster","predict.cluster_withmultiple","NO.vote.1","NO.vote.2","NO.vote.3","NO.vote.4","NO.vote.5","NO.vote.6","NO.vote.7","class_1_vs_2.Pwilcox_greater","class_1_vs_3.Pwilcox_greater","class_1_vs_4.Pwilcox_greater","class_1_vs_5.Pwilcox_greater","class_1_vs_6.Pwilcox_greater","class_1_vs_7.Pwilcox_greater","class_2_vs_1.Pwilcox_greater","class_2_vs_3.Pwilcox_greater","class_2_vs_4.Pwilcox_greater","class_2_vs_5.Pwilcox_greater","class_2_vs_6.Pwilcox_greater","class_2_vs_7.Pwilcox_greater","class_3_vs_1.Pwilcox_greater","class_3_vs_2.Pwilcox_greater","class_3_vs_4.Pwilcox_greater","class_3_vs_5.Pwilcox_greater","class_3_vs_6.Pwilcox_greater","class_3_vs_7.Pwilcox_greater","class_4_vs_1.Pwilcox_greater","class_4_vs_2.Pwilcox_greater","class_4_vs_3.Pwilcox_greater","class_4_vs_5.Pwilcox_greater","class_4_vs_6.Pwilcox_greater","class_4_vs_7.Pwilcox_greater","class_5_vs_1.Pwilcox_greater","class_5_vs_2.Pwilcox_greater","class_5_vs_3.Pwilcox_greater","class_5_vs_4.Pwilcox_greater","class_5_vs_6.Pwilcox_greater","class_5_vs_7.Pwilcox_greater","class_6_vs_1.Pwilcox_greater","class_6_vs_2.Pwilcox_greater","class_6_vs_3.Pwilcox_greater","class_6_vs_4.Pwilcox_greater","class_6_vs_5.Pwilcox_greater","class_6_vs_7.Pwilcox_greater","class_7_vs_1.Pwilcox_greater","class_7_vs_2.Pwilcox_greater","class_7_vs_3.Pwilcox_greater","class_7_vs_4.Pwilcox_greater","class_7_vs_5.Pwilcox_greater","class_7_vs_6.Pwilcox_greater"
"1","CHCC_HBV","T1013","3","3","4","1","6","0","0","0","0","1.02e-01","1.00e+00","2.64e-04","3.56e-06","8.51e-06","7.94e-14","9.18e-01","1.00e+00","1.07e-01","5.63e-01","1.11e-02","1.18e-05","1.72e-10","2.84e-13","1.14e-18","4.65e-14","9.32e-17","2.96e-19","1.00e+00","8.94e-01","1.00e+00","8.40e-01","9.99e-01","2.11e-02","1.00e+00","4.43e-01","1.00e+00","1.62e-01","3.22e-01","8.12e-02","1.00e+00","9.89e-01","1.00e+00","1.39e-03","6.80e-01","1.02e-02","1.00e+00","1.00e+00","1.00e+00","9.79e-01","9.22e-01","9.91e-01"
"2","CHCC_HBV","T1015","3","3","1","0","5","4","0","2","0","4.10e-01","1.00e+00","1.00e+00","1.46e-01","9.95e-01","4.78e-04","6.33e-01","1.00e+00","1.00e+00","9.70e-01","9.74e-01","9.06e-01","3.88e-08","1.99e-13","4.00e-01","7.48e-09","7.15e-09","2.42e-14","6.14e-07","9.87e-09","6.01e-01","1.87e-05","1.82e-02","1.38e-06","8.56e-01","3.15e-02","1.00e+00","1.00e+00","1.00e+00","9.82e-01","5.46e-03","2.65e-02","1.00e+00","9.82e-01","6.83e-05","2.67e-04","1.00e+00","9.54e-02","1.00e+00","1.00e+00","1.93e-02","1.00e+00"
"3","CHCC_HBV","T1021","3","3","4","3","5","0","2","0","0","1.80e-01","2.36e-01","2.85e-08","6.40e-06","2.46e-09","7.27e-13","8.50e-01","1.00e+00","7.90e-04","9.52e-01","9.13e-08","1.80e-04","7.66e-01","1.64e-06","3.65e-13","1.33e-04","1.25e-16","1.30e-18","1.00e+00","9.99e-01","1.00e+00","1.00e+00","1.99e-01","8.99e-02","1.00e+00","4.93e-02","1.00e+00","5.11e-05","1.05e-09","1.50e-02","1.00e+00","1.00e+00","1.00e+00","8.04e-01","1.00e+00","8.68e-01","1.00e+00","1.00e+00","1.00e+00","9.11e-01","9.86e-01","1.42e-01"
"4","CHCC_HBV","T1025","5","5","0","0","1","0","6","1","3","2.73e-02","2.41e-01","6.31e-01","1.00e+00","9.88e-01","1.00e+00","9.80e-01","1.00e+00","5.60e-01","1.00e+00","9.58e-01","1.00e+00","7.61e-01","2.29e-05","1.09e-01","1.00e+00","1.00e+00","1.00e+00","3.71e-01","4.42e-01","8.92e-01","1.00e+00","9.89e-01","9.95e-01","2.69e-09","2.77e-09","1.03e-11","3.10e-11","5.01e-13","1.51e-05","1.20e-02","4.29e-02","2.34e-05","1.16e-02","1.00e+00","9.59e-01","5.62e-06","2.12e-06","1.81e-06","5.43e-03","1.00e+00","4.49e-02"
"5","CHCC_HBV","T1027","3","3","1","0","6","1","1","0","0","3.71e-02","1.00e+00","6.10e-01","1.19e-01","6.36e-01","3.50e-07","9.73e-01","1.00e+00","9.94e-01","1.00e+00","9.72e-01","6.16e-01","1.72e-10","2.84e-14","1.20e-13","4.22e-12","2.94e-13","2.82e-17","3.92e-01","6.22e-03","1.00e+00","9.32e-01","9.28e-01","1.05e-04","8.82e-01","2.31e-05","1.00e+00","6.87e-02","9.01e-01","4.07e-02","3.67e-01","2.87e-02","1.00e+00","7.35e-02","9.99e-02","1.04e-02","1.00e+00","3.87e-01","1.00e+00","1.00e+00","9.61e-01","9.91e-01"
"6","CHCC_HBV","T1031","5","5","1","1","0","0","6","0","2","5.45e-01","5.15e-02","1.72e-03","1.00e+00","3.74e-05","9.91e-01","5.00e-01","1.56e-01","2.03e-03","1.00e+00","1.37e-04","6.73e-01","9.49e-01","8.46e-01","5.19e-01","1.00e+00","3.26e-01","1.00e+00","9.98e-01","9.98e-01","4.82e-01","1.00e+00","9.41e-01","9.95e-01","3.36e-10","3.64e-12","3.95e-14","2.64e-11","3.95e-14","7.45e-09","1.00e+00","1.00e+00","6.76e-01","6.05e-02","1.00e+00","1.00e+00","9.19e-03","3.29e-01","1.28e-06","5.03e-03","1.00e+00","7.63e-06"
"7","CHCC_HBV","T1041","4","4","0","0","2","6","3","4","3","8.98e-01","1.00e+00","1.00e+00","1.00e+00","1.00e+00","1.00e+00","1.25e-01","1.00e+00","1.00e+00","1.00e+00","1.00e+00","1.00e+00","2.48e-09","1.23e-06","1.00e+00","1.00e+00","1.00e+00","1.00e+00","1.27e-15","2.78e-16","9.82e-19","2.64e-11","1.14e-13","2.67e-13","8.54e-07","2.59e-07","7.72e-07","1.00e+00","1.00e+00","7.34e-01","5.48e-12","1.38e-09","1.05e-12","1.00e+00","7.12e-07","1.92e-02","7.59e-12","9.39e-10","8.52e-12","1.00e+00","2.74e-01","9.83e-01"
"8","CHCC_HBV","T1043","5","5","0","0","1","0","6","0","0","6.74e-01","9.14e-01","3.38e-01","1.00e+00","9.64e-02","7.67e-01","3.67e-01","7.35e-01","1.45e-02","1.00e+00","1.45e-01","9.53e-01","8.73e-02","2.69e-01","3.71e-01","1.00e+00","1.12e-04","8.90e-01","6.64e-01","9.86e-01","6.30e-01","1.00e+00","7.30e-01","7.94e-01","4.46e-08","6.95e-08","1.15e-09","4.29e-10","4.06e-12","1.86e-07","9.05e-01","8.57e-01","1.00e+00","2.74e-01","1.00e+00","9.99e-01","2.34e-01","4.80e-02","1.11e-01","2.07e-01","1.00e+00","1.17e-03"
"9","CHCC_HBV","T1045","6","6","0","0","2","2","3","6","4","4.55e-01","1.00e+00","1.00e+00","1.00e+00","1.00e+00","1.00e+00","5.90e-01","1.00e+00","1.00e+00","1.00e+00","1.00e+00","1.00e+00","2.26e-10","7.86e-11","9.33e-01","1.00e+00","1.00e+00","1.00e+00","7.60e-09","2.52e-05","6.76e-02","9.93e-01","1.00e+00","1.00e+00","1.01e-08","2.27e-06","1.81e-04","6.74e-03","1.00e+00","9.39e-01","5.73e-13","6.02e-12","6.06e-17","1.14e-13","1.36e-09","5.23e-04","2.75e-15","2.73e-11","3.51e-15","2.40e-07","6.43e-02","1.00e+00"
"10","CHCC_HBV","T112","3","3","1","0","6","1","1","0","0","1.02e-01","1.00e+00","9.13e-01","7.86e-01","5.16e-01","6.81e-07","9.18e-01","1.00e+00","9.90e-01","1.00e+00","9.92e-01","8.47e-01","2.37e-10","1.56e-12","3.48e-12","6.78e-09","1.37e-15","1.28e-17","8.77e-02","1.00e-02","1.00e+00","9.69e-01","6.94e-01","2.21e-04","2.17e-01","5.18e-06","1.00e+00","3.12e-02","6.11e-03","2.31e-03","4.86e-01","8.57e-03","1.00e+00","3.10e-01","9.94e-01","4.49e-02","1.00e+00","1.55e-01","1.00e+00","1.00e+00","9.98e-01","9.59e-01"
"11","CHCC_HBV","T113","6","6","0","0","1","1","1","5","4","9.96e-01","1.00e+00","1.00e+00","1.00e+00","1.00e+00","1.00e+00","5.86e-03","9.76e-01","9.68e-01","7.94e-01","1.00e+00","1.00e+00","2.83e-08","2.51e-02","9.99e-01","8.63e-01","1.00e+00","1.00e+00","8.40e-11","3.22e-02","1.26e-03","1.36e-01","1.00e+00","9.43e-01","8.27e-06","2.11e-01","1.38e-01","8.65e-01","1.00e+00","1.00e+00","3.88e-10","1.98e-06","3.36e-10","1.50e-04","1.01e-09","3.00e-02","6.75e-09","2.07e-05","1.42e-06","5.79e-02","3.34e-04","9.73e-01"
"12","CHCC_HBV","T123","3","3","3","2","6","2","1","0","0","5.45e-01","1.00e+00","1.40e-01","2.19e-05","3.07e-05","5.03e-12","5.00e-01","1.00e+00","2.19e-02","5.11e-01","1.72e-07","1.48e-07","1.69e-04","3.59e-04","5.48e-06","7.66e-12","1.25e-15","2.46e-17","8.61e-01","9.78e-01","1.00e+00","1.74e-01","1.22e-07","2.65e-11","1.00e+00","4.94e-01","1.00e+00","8.28e-01","6.50e-03","4.60e-04","1.00e+00","1.00e+00","1.00e+00","1.00e+00","9.94e-01","5.94e-02","1.00e+00","1.00e+00","1.00e+00","1.00e+00","1.00e+00","9.46e-01"
"13","CHCC_HBV","T125","2","2","4","5","4","0","0","0","1","1.00e+00","1.14e-02","7.54e-12","2.54e-09","2.04e-08","5.69e-11","1.95e-03","5.78e-11","2.78e-16","3.64e-12","2.78e-11","1.80e-11","9.89e-01","1.00e+00","1.31e-12","6.60e-12","5.14e-10","2.19e-12","1.00e+00","1.00e+00","1.00e+00","9.96e-01","9.21e-01","1.00e+00","1.00e+00","1.00e+00","1.00e+00","3.80e-03","4.82e-01","7.58e-01","1.00e+00","1.00e+00","1.00e+00","8.05e-02","5.20e-01","9.79e-01","1.00e+00","1.00e+00","1.00e+00","4.53e-04","2.50e-01","2.34e-02"
"14","CHCC_HBV","T127","4","4","1","0","4","6","1","0","0","1.80e-01","1.00e+00","1.00e+00","6.99e-01","4.61e-01","7.30e-05","8.50e-01","1.00e+00","1.00e+00","1.00e+00","8.29e-01","9.61e-01","2.97e-05","1.54e-08","1.00e+00","3.95e-03","1.30e-05","5.88e-10","5.17e-10","1.76e-13","2.28e-05","6.68e-06","1.60e-08","8.62e-13","3.05e-01","3.87e-05","9.96e-01","1.00e+00","2.76e-01","1.45e-01","5.41e-01","1.72e-01","1.00e+00","1.00e+00","7.26e-01","2.41e-02","1.00e+00","3.94e-02","1.00e+00","1.00e+00","8.60e-01","9.78e-01"
"15","CHCC_HBV","T131","1","1","5","3","3","0","3","0","0","1.95e-02","1.05e-09","2.04e-15","6.19e-09","7.18e-13","9.96e-17","9.86e-01","9.76e-01","3.84e-06","8.34e-01","4.41e-08","1.26e-07","1.00e+00","2.44e-02","6.86e-10","5.79e-01","3.34e-16","1.03e-16","1.00e+00","1.00e+00","1.00e+00","1.00e+00","3.89e-01","4.38e-01","1.00e+00","1.69e-01","4.23e-01","3.64e-09","8.05e-11","2.76e-06","1.00e+00","1.00e+00","1.00e+00","6.15e-01","1.00e+00","9.59e-01","1.00e+00","1.00e+00","1.00e+00","5.64e-01","1.00e+00","4.49e-02"
"16","CHCC_HBV","T135","2","2","2","5","0","0","1","0","3","8.50e-01","8.07e-05","3.28e-03","2.98e-01","1.05e-04","9.77e-01","1.80e-01","2.07e-08","7.12e-14","2.76e-08","4.43e-11","4.48e-04","1.00e+00","1.00e+00","1.89e-02","1.00e+00","8.13e-01","1.00e+00","9.97e-01","1.00e+00","9.81e-01","9.99e-01","8.77e-01","1.00e+00","7.05e-01","1.00e+00","4.53e-05","1.03e-03","3.69e-03","9.96e-01","1.00e+00","1.00e+00","1.88e-01","1.26e-01","9.96e-01","1.00e+00","2.34e-02","1.00e+00","4.55e-05","3.59e-07","4.80e-03","1.64e-04"
"17","CHCC_HBV","T137","6","6,7","0","0","2","3","1","5","5","9.80e-01","1.00e+00","1.00e+00","1.00e+00","1.00e+00","1.00e+00","2.73e-02","9.99e-01","1.00e+00","9.89e-01","1.00e+00","1.00e+00","3.85e-09","6.15e-04","1.00e+00","9.96e-01","1.00e+00","1.00e+00","3.59e-14","1.53e-06","2.19e-05","6.87e-02","1.00e+00","1.00e+00","4.69e-08","1.12e-02","3.95e-03","9.32e-01","1.00e+00","1.00e+00","5.73e-13","1.06e-10","6.06e-17","7.96e-13","4.11e-14","1.28e-01","9.32e-17","2.11e-11","4.18e-19","6.69e-10","4.10e-07","8.82e-01"
"18","CHCC_HBV","T141","6","6,7","0","0","1","1","1","5","5","9.94e-01","1.00e+00","1.00e+00","1.00e+00","1.00e+00","1.00e+00","9.77e-03","9.99e-01","4.45e-01","9.15e-01","1.00e+00","1.00e+00","2.85e-10","1.07e-03","2.06e-03","3.55e-01","1.00e+00","1.00e+00","2.10e-07","5.56e-01","9.98e-01","7.19e-01","1.00e+00","1.00e+00","2.95e-05","8.74e-02","6.47e-01","2.84e-01","1.00e+00","1.00e+00","8.99e-13","9.16e-10","1.85e-11","3.49e-11","2.95e-13","1.23e-01","2.56e-12","3.12e-08","1.78e-06","1.17e-08","1.04e-04","8.86e-01"
"19","CHCC_HBV","T145","7","6,7","0","0","1","2","2","5","5","9.90e-01","1.00e+00","1.00e+00","1.00e+00","1.00e+00","1.00e+00","1.37e-02","7.27e-01","7.78e-01","4.54e-01","1.00e+00","1.00e+00","9.93e-06","2.77e-01","1.00e+00","1.00e+00","1.00e+00","1.00e+00","3.39e-12","2.24e-01","1.75e-04","7.41e-02","1.00e+00","1.00e+00","9.38e-07","5.51e-01","1.89e-04","9.27e-01","1.00e+00","1.00e+00","2.19e-12","6.81e-07","1.46e-15","1.29e-08","1.28e-11","9.76e-01","6.06e-17","1.80e-11","2.96e-19","1.02e-12","7.45e-09","2.69e-02"
"20","CHCC_HBV","T147","3","3","1","1","6","0","1","0","0","1.80e-01","1.00e+00","5.57e-03","1.07e-01","1.18e-01","1.12e-05","8.50e-01","1.00e+00","1.78e-04","7.89e-01","1.42e-01","8.41e-02","7.57e-09","2.47e-10","2.21e-16","4.53e-10","3.25e-12","2.53e-17","9.94e-01","1.00e+00","1.00e+00","1.00e+00","9.98e-01","9.75e-01","8.95e-01","2.15e-01","1.00e+00","3.11e-05","6.52e-02","6.74e-02","8.83e-01","8.60e-01","1.00e+00","1.65e-03","9.35e-01","3.35e-01","1.00e+00","9.17e-01","1.00e+00","2.51e-02","9.36e-01","6.82e-01"
"21","CHCC_HBV","T161","3","3","4","3","6","0","0","1","0","5.90e-01","1.00e+00","9.85e-05","7.21e-05","4.10e-06","6.68e-13","4.55e-01","1.00e+00","3.87e-08","1.98e-01","4.95e-05","3.12e-08","5.24e-11","1.56e-12","1.48e-18","1.09e-13","3.45e-16","2.96e-19","1.00e+00","1.00e+00","1.00e+00","9.77e-01","1.00e+00","6.91e-01","1.00e+00","8.06e-01","1.00e+00","2.35e-02","7.84e-01","8.49e-01","1.00e+00","1.00e+00","1.00e+00","5.08e-04","2.17e-01","2.21e-01","1.00e+00","1.00e+00","1.00e+00","3.11e-01","1.56e-01","7.91e-01"
"22","CHCC_HBV","T171","4","3,4","1","0","5","5","2","0","0","1.50e-01","1.00e+00","1.00e+00","4.20e-02","6.26e-02","1.93e-10","8.75e-01","1.00e+00","1.00e+00","1.00e+00","2.80e-01","3.24e-01","1.99e-05","4.79e-10","6.59e-01","5.46e-09","7.40e-17","4.18e-19","6.62e-09","9.60e-11","3.42e-01","4.45e-07","1.00e-11","9.46e-13","9.59e-01","7.34e-06","1.00e+00","1.00e+00","2.53e-02","2.14e-04","9.38e-01","7.22e-01","1.00e+00","1.00e+00","9.75e-01","1.52e-02","1.00e+00","6.79e-01","1.00e+00","1.00e+00","1.00e+00","9.87e-01"
"23","CHCC_HBV","T187","7","7","0","0","1","2","2","4","6","9.90e-01","1.00e+00","1.00e+00","1.00e+00","1.00e+00","1.00e+00","1.37e-02","1.70e-01","8.77e-01","5.40e-01","9.99e-01","1.00e+00","7.91e-06","8.32e-01","1.00e+00","1.00e+00","1.00e+00","1.00e+00","1.47e-12","1.24e-01","4.23e-06","4.76e-02","9.97e-01","1.00e+00","1.87e-06","4.66e-01","2.71e-04","9.53e-01","1.00e+00","1.00e+00","3.73e-10","8.03e-04","7.98e-16","3.56e-03","1.09e-08","9.99e-01","8.44e-17","3.19e-11","4.82e-19","4.93e-11","7.45e-09","6.45e-04"
"24","CHCC_HBV","T191","2","2,7","0","4","0","0","0","1","4","1.00e+00","9.85e-01","9.96e-01","9.96e-01","9.95e-01","1.00e+00","1.95e-03","1.54e-08","9.70e-12","2.31e-05","5.70e-07","2.74e-02","1.56e-02","1.00e+00","9.42e-01","9.32e-01","1.00e+00","1.00e+00","3.93e-03","1.00e+00","5.79e-02","7.36e-01","9.18e-01","1.00e+00","4.05e-03","1.00e+00","6.92e-02","2.66e-01","9.88e-01","1.00e+00","4.90e-03","1.00e+00","6.94e-06","8.42e-02","1.21e-02","9.99e-01","2.93e-10","9.73e-01","8.70e-09","2.93e-08","7.14e-05","1.40e-03"
"25","CHCC_HBV","T195","7","7","0","0","0","1","2","5","6","7.87e-01","9.97e-01","1.00e+00","1.00e+00","1.00e+00","1.00e+00","2.48e-01","3.94e-01","9.41e-03","2.23e-01","1.00e+00","1.00e+00","2.60e-03","6.10e-01","9.76e-01","1.00e+00","1.00e+00","1.00e+00","2.79e-07","9.91e-01","2.38e-02","6.92e-01","1.00e+00","1.00e+00","5.20e-08","7.81e-01","1.84e-05","3.11e-01","1.00e+00","1.00e+00","9.94e-11","7.60e-06","1.10e-15","2.72e-08","1.09e-08","1.00e+00","6.06e-17","1.80e-11","3.95e-19","3.32e-13","7.45e-09","3.36e-04"
"26","CHCC_HBV","T211","2","2","3","5","0","0","2","0","3","1.00e+00","2.14e-06","3.96e-08","1.98e-01","5.40e-08","5.17e-01","1.95e-03","2.84e-14","7.82e-16","3.64e-12","5.20e-12","2.88e-11","1.00e+00","1.00e+00","3.07e-01","1.00e+00","8.89e-02","1.00e+00","1.00e+00","1.00e+00","6.94e-01","9.82e-01","4.22e-01","1.00e+00","8.04e-01","1.00e+00","3.35e-05","1.83e-02","4.49e-05","9.86e-01","1.00e+00","1.00e+00","9.12e-01","5.83e-01","1.00e+00","1.00e+00","4.85e-01","1.00e+00","2.20e-05","3.07e-10","1.50e-02","7.63e-06"
"27","CHCC_HBV","T217","2","2","1","4","0","0","2","0","2","1.00e+00","2.66e-03","5.95e-03","9.56e-01","6.59e-05","9.33e-01","1.95e-03","1.63e-07","2.10e-12","2.67e-04","7.20e-09","2.92e-03","9.97e-01","1.00e+00","9.61e-01","1.00e+00","3.86e-02","9.97e-01","9.94e-01","1.00e+00","3.90e-02","1.00e+00","9.25e-01","9.99e-01","4.53e-02","1.00e+00","1.32e-06","4.79e-05","6.60e-03","5.33e-01","1.00e+00","1.00e+00","9.62e-01","7.71e-02","9.93e-01","1.00e+00","6.73e-02","9.97e-01","3.50e-03","9.20e-04","4.76e-01","3.36e-04"
"28","CHCC_HBV","T221","5","5","0","0","0","0","6","0","2","6.45e-02","1.12e-02","4.92e-03","1.00e+00","1.95e-03","9.48e-01","9.51e-01","6.56e-01","1.47e-03","1.00e+00","3.55e-03","9.45e-01","9.89e-01","3.48e-01","7.64e-02","1.00e+00","9.66e-01","9.99e-01","9.95e-01","9.99e-01","9.24e-01","1.00e+00","9.36e-01","1.00e+00","2.79e-08","4.00e-10","7.27e-14","9.33e-11","1.11e-12","3.73e-08","9.98e-01","9.97e-01","3.42e-02","6.53e-02","1.00e+00","9.99e-01","5.25e-02","5.62e-02","6.97e-04","2.40e-04","1.00e+00","1.17e-03"
"29","CHCC_HBV","T223","7","7","0","2","0","0","3","2","6","9.73e-01","4.59e-01","1.13e-01","9.99e-01","9.98e-01","1.00e+00","3.71e-02","4.52e-05","9.08e-11","1.11e-03","7.73e-02","1.00e+00","5.44e-01","1.00e+00","7.80e-01","1.00e+00","1.00e+00","1.00e+00","8.88e-01","1.00e+00","2.21e-01","9.99e-01","1.00e+00","1.00e+00","9.44e-04","9.99e-01","1.09e-07","8.27e-04","9.95e-01","1.00e+00","2.35e-03","9.24e-01","7.48e-14","9.19e-09","4.62e-03","1.00e+00","1.30e-16","6.18e-08","2.96e-19","2.79e-13","3.73e-08","3.81e-06"
"30","CHCC_HBV","T227","5","5","0","0","0","0","6","0","0","3.26e-01","6.16e-01","4.72e-01","1.00e+00","1.34e-03","1.26e-02","7.15e-01","8.41e-01","2.17e-01","1.00e+00","8.23e-02","4.69e-01","3.87e-01","1.62e-01","2.19e-01","1.00e+00","5.13e-02","2.18e-01","5.30e-01","7.85e-01","7.82e-01","1.00e+00","9.06e-01","1.06e-01","6.07e-08","7.40e-09","4.56e-11","1.92e-10","1.67e-12","2.24e-08","9.99e-01","9.19e-01","9.49e-01","9.61e-02","1.00e+00","6.95e-01","9.88e-01","5.34e-01","7.83e-01","8.95e-01","1.00e+00","3.20e-01"
"31","CHCC_HBV","T231","4","4","0","0","1","6","0","0","0","7.15e-01","7.77e-01","1.00e+00","2.98e-01","4.24e-01","7.34e-03","3.26e-01","7.53e-01","1.00e+00","6.82e-01","6.06e-02","6.62e-01","2.25e-01","2.51e-01","1.00e+00","4.91e-02","1.62e-03","5.22e-05","1.14e-14","2.47e-13","3.66e-16","7.58e-11","1.14e-13","6.10e-13","7.05e-01","3.23e-01","9.51e-01","1.00e+00","2.39e-01","5.70e-01","5.78e-01","9.40e-01","9.98e-01","1.00e+00","7.63e-01","2.75e-01","9.93e-01","3.41e-01","1.00e+00","1.00e+00","4.39e-01","7.39e-01"
"32","CHCC_HBV","T257","3","3","3","2","6","0","0","0","0","5.00e-01","1.00e+00","6.80e-04","4.55e-05","8.95e-03","4.05e-08","5.45e-01","1.00e+00","1.75e-05","1.96e-01","4.02e-04","2.79e-02","2.72e-06","8.97e-10","2.25e-17","1.05e-13","1.86e-16","7.61e-19","9.99e-01","1.00e+00","1.00e+00","9.51e-01","9.04e-01","2.25e-01","1.00e+00","8.08e-01","1.00e+00","5.00e-02","5.60e-01","4.58e-01","9.91e-01","1.00e+00","1.00e+00","9.82e-02","4.42e-01","3.51e-01","1.00e+00","9.73e-01","1.00e+00","7.77e-01","5.52e-01","6.65e-01"
"33","CHCC_HBV","T261","4","4","0","0","1","6","2","5","3","9.80e-01","1.00e+00","1.00e+00","1.00e+00","1.00e+00","1.00e+00","2.73e-02","9.76e-01","1.00e+00","1.00e+00","1.00e+00","1.00e+00","3.05e-08","2.51e-02","1.00e+00","9.99e-01","1.00e+00","1.00e+00","1.27e-15","2.78e-16","9.25e-19","7.58e-11","8.62e-10","4.37e-11","1.87e-06","2.67e-04","1.04e-03","1.00e+00","1.00e+00","9.88e-01","7.51e-13","3.27e-10","4.06e-16","1.00e+00","1.60e-09","4.20e-04","2.14e-13","5.81e-10","1.04e-13","1.00e+00","1.31e-02","1.00e+00"
"34","CHCC_HBV","T267","3","3","1","0","6","0","0","1","0","2.85e-01","1.00e+00","8.40e-01","8.83e-02","6.56e-01","8.08e-06","7.52e-01","1.00e+00","7.69e-01","9.57e-01","9.97e-01","9.30e-01","3.38e-11","1.22e-10","4.07e-13","4.73e-11","1.47e-14","4.42e-19","1.61e-01","2.33e-01","1.00e+00","1.56e-01","9.96e-01","1.01e-01","9.13e-01","4.41e-02","1.00e+00","8.45e-01","1.00e+00","9.39e-01","3.46e-01","3.26e-03","1.00e+00","3.85e-03","1.30e-06","5.20e-03","1.00e+00","7.06e-02","1.00e+00","9.00e-01","6.43e-02","9.96e-01"
"35","CHCC_HBV","T271","5","5","2","0","1","0","6","0","1","3.91e-03","9.91e-02","1.52e-07","1.00e+00","1.81e-06","3.75e-03","9.98e-01","9.76e-01","2.47e-02","1.00e+00","4.37e-03","8.80e-01","9.02e-01","2.46e-02","2.91e-06","1.00e+00","1.60e-02","3.47e-02","1.00e+00","9.76e-01","1.00e+00","1.00e+00","9.61e-01","9.99e-01","9.08e-09","3.64e-12","8.56e-12","5.24e-10","2.28e-13","4.10e-07","1.00e+00","9.96e-01","9.84e-01","4.00e-02","1.00e+00","9.87e-01","9.96e-01","1.21e-01","9.66e-01","6.34e-04","1.00e+00","1.52e-02"
"36","CHCC_HBV","T277","3","3","4","3","6","0","2","1","1","1.25e-01","1.00e+00","1.73e-14","2.86e-04","1.75e-10","1.52e-14","8.98e-01","1.00e+00","1.26e-10","8.90e-01","1.63e-05","8.36e-06","1.35e-04","4.29e-07","2.83e-18","4.57e-07","1.80e-16","5.14e-18","1.00e+00","1.00e+00","1.00e+00","1.00e+00","1.00e+00","1.00e+00","1.00e+00","1.13e-01","1.00e+00","1.03e-10","6.67e-08","1.31e-02","1.00e+00","1.00e+00","1.00e+00","1.08e-04","1.00e+00","9.83e-01","1.00e+00","1.00e+00","1.00e+00","8.30e-09","9.88e-01","1.92e-02"
"37","CHCC_HBV","T283","2","2","4","5","0","0","1","0","1","9.51e-01","3.91e-10","3.80e-11","1.58e-07","1.03e-07","1.88e-03","6.45e-02","1.42e-13","1.35e-15","3.64e-12","2.65e-11","2.29e-10","1.00e+00","1.00e+00","2.32e-03","3.84e-01","7.43e-01","4.60e-01","1.00e+00","1.00e+00","9.98e-01","9.97e-01","9.65e-01","1.00e+00","1.00e+00","1.00e+00","6.19e-01","3.21e-03","8.58e-04","9.88e-01","1.00e+00","1.00e+00","2.59e-01","3.64e-02","9.99e-01","9.99e-01","9.98e-01","1.00e+00","5.41e-01","9.56e-08","1.31e-02","1.68e-03"
"38","CHCC_HBV","T285","1","1,2","5","5","3","0","2","0","0","1.37e-02","2.25e-11","1.27e-15","5.08e-10","5.73e-13","2.21e-15","9.90e-01","1.50e-07","6.15e-16","2.91e-05","1.50e-11","2.73e-11","1.00e+00","1.00e+00","2.54e-10","5.45e-01","5.95e-13","1.11e-10","1.00e+00","1.00e+00","1.00e+00","1.00e+00","3.53e-01","9.31e-01","1.00e+00","1.00e+00","4.57e-01","8.01e-06","7.49e-10","6.43e-02","1.00e+00","1.00e+00","1.00e+00","6.51e-01","1.00e+00","9.97e-01","1.00e+00","1.00e+00","1.00e+00","7.00e-02","9.39e-01","3.29e-03"
"39","CHCC_HBV","T311","2","2,7","1","5","0","0","1","1","5","1.00e+00","4.48e-07","1.15e-03","1.55e-01","4.81e-03","1.00e+00","1.95e-03","2.84e-14","2.78e-16","3.64e-12","8.45e-12","1.14e-08","1.00e+00","1.00e+00","9.80e-01","1.00e+00","1.00e+00","1.00e+00","9.99e-01","1.00e+00","1.97e-02","9.89e-01","5.59e-01","1.00e+00","8.48e-01","1.00e+00","1.67e-06","1.15e-02","1.13e-01","1.00e+00","9.95e-01","1.00e+00","1.87e-09","4.45e-01","8.88e-01","1.00e+00","4.23e-08","1.00e+00","1.94e-18","1.21e-12","1.02e-06","1.91e-05"
"40","CHCC_HBV","T313","3","3","4","4","6","0","1","0","0","1.25e-01","1.00e+00","1.30e-11","8.25e-08","6.71e-10","9.83e-16","8.98e-01","1.00e+00","7.97e-13","3.63e-05","1.94e-09","8.13e-10","3.05e-08","2.07e-08","9.25e-19","5.04e-14","6.06e-17","3.05e-19","1.00e+00","1.00e+00","1.00e+00","1.00e+00","9.99e-01","9.79e-01","1.00e+00","1.00e+00","1.00e+00","5.28e-05","1.13e-01","7.41e-02","1.00e+00","1.00e+00","1.00e+00","1.16e-03","8.88e-01","4.16e-01","1.00e+00","1.00e+00","1.00e+00","2.15e-02","9.29e-01","6.01e-01"
"41","CHCC_HBV","T327","6","6,7","0","0","1","3","1","5","5","9.36e-01","1.00e+00","1.00e+00","1.00e+00","1.00e+00","1.00e+00","8.20e-02","9.98e-01","1.00e+00","9.96e-01","1.00e+00","1.00e+00","4.04e-10","1.67e-03","1.00e+00","9.90e-01","1.00e+00","1.00e+00","7.83e-13","3.67e-07","2.96e-07","2.92e-01","1.00e+00","1.00e+00","5.86e-09","4.57e-03","1.01e-02","7.11e-01","1.00e+00","1.00e+00","5.73e-13","7.67e-12","6.06e-17","9.89e-10","8.55e-14","4.01e-03","4.01e-15","2.46e-11","2.98e-17","2.12e-07","3.33e-06","9.97e-01"
"42","CHCC_HBV","T331","1","1,2","5","5","3","0","2","0","1","1.95e-03","5.70e-12","1.32e-15","4.01e-10","5.73e-13","6.27e-17","1.00e+00","8.22e-08","7.06e-16","1.20e-05","6.02e-12","2.11e-11","1.00e+00","1.00e+00","5.51e-13","4.04e-01","6.68e-13","9.33e-15","1.00e+00","1.00e+00","1.00e+00","1.00e+00","2.85e-01","1.00e+00","1.00e+00","1.00e+00","5.98e-01","1.11e-08","7.86e-13","1.78e-03","1.00e+00","1.00e+00","1.00e+00","7.19e-01","1.00e+00","9.85e-01","1.00e+00","1.00e+00","1.00e+00","5.75e-05","9.98e-01","1.71e-02"
"43","CHCC_HBV","T341","3","3","0","0","5","0","2","2","1","9.77e-03","1.00e+00","9.71e-01","9.90e-01","9.95e-01","4.94e-01","9.94e-01","1.00e+00","9.86e-01","1.00e+00","9.99e-01","1.00e+00","8.15e-11","1.41e-10","1.04e-07","3.31e-04","4.31e-02","3.78e-06","2.90e-02","1.41e-02","1.00e+00","1.00e+00","1.00e+00","9.95e-01","9.92e-03","1.70e-06","1.00e+00","6.68e-06","9.39e-02","1.15e-02","5.55e-03","8.62e-04","9.57e-01","3.99e-04","9.07e-01","7.25e-01","5.07e-01","1.07e-04","1.00e+00","4.98e-03","9.89e-01","2.90e-01"
"44","CHCC_HBV","T343","2","1,2","5","5","4","0","2","0","2","6.33e-01","1.98e-07","8.19e-14","8.14e-09","3.11e-12","2.50e-16","4.10e-01","3.74e-06","2.48e-15","2.55e-11","5.70e-12","1.70e-10","1.00e+00","1.00e+00","1.64e-15","8.93e-08","7.23e-15","2.87e-18","1.00e+00","1.00e+00","1.00e+00","1.00e+00","9.73e-01","1.00e+00","1.00e+00","1.00e+00","1.00e+00","8.30e-07","3.69e-06","4.95e-01","1.00e+00","1.00e+00","1.00e+00","2.75e-02","1.00e+00","1.00e+00","1.00e+00","1.00e+00","1.00e+00","4.73e-05","5.14e-01","2.67e-04"
"45","CHCC_HBV","T351","1","1,2","5","5","4","2","1","0","0","1.95e-03","5.70e-12","4.74e-14","2.65e-10","9.40e-13","7.40e-17","1.00e+00","3.27e-04","7.18e-11","7.34e-06","4.28e-12","2.10e-11","1.00e+00","1.00e+00","9.83e-08","1.13e-04","1.25e-16","7.17e-18","1.00e+00","1.00e+00","1.00e+00","7.30e-01","1.92e-09","2.87e-04","1.00e+00","1.00e+00","1.00e+00","2.73e-01","3.11e-10","3.50e-03","1.00e+00","1.00e+00","1.00e+00","1.00e+00","1.00e+00","9.85e-01","1.00e+00","1.00e+00","1.00e+00","1.00e+00","9.97e-01","1.71e-02"
"46","CHCC_HBV","T353","6","6","0","0","2","4","2","6","4","9.51e-01","1.00e+00","1.00e+00","1.00e+00","1.00e+00","1.00e+00","6.45e-02","1.00e+00","1.00e+00","1.00e+00","1.00e+00","1.00e+00","3.31e-11","1.06e-06","1.00e+00","9.48e-01","1.00e+00","1.00e+00","3.77e-15","7.26e-13","6.58e-10","1.10e-05","1.00e+00","9.15e-01","8.67e-08","8.11e-05","5.24e-02","1.00e+00","1.00e+00","1.00e+00","1.12e-12","4.50e-12","2.84e-16","3.74e-05","7.57e-14","1.64e-04","2.11e-16","2.11e-11","5.69e-17","8.60e-02","1.86e-07","1.00e+00"
"47","CHCC_HBV","T355","3","3","4","1","6","0","1","1","1","1.50e-01","1.00e+00","1.41e-06","1.84e-04","2.35e-05","4.21e-11","8.75e-01","1.00e+00","3.25e-06","9.00e-01","6.54e-03","2.66e-03","1.38e-11","8.73e-12","1.32e-18","2.73e-13","6.26e-17","3.42e-19","1.00e+00","1.00e+00","1.00e+00","1.00e+00","1.00e+00","1.00e+00","1.00e+00","1.02e-01","1.00e+00","2.40e-04","6.29e-01","6.95e-01","1.00e+00","9.94e-01","1.00e+00","2.72e-08","3.73e-01","9.63e-01","1.00e+00","9.97e-01","1.00e+00","1.83e-04","3.14e-01","4.07e-02"
"48","CHCC_HBV","T357","3","3","4","0","6","0","0","1","0","2.85e-01","1.00e+00","4.74e-06","4.38e-05","3.93e-04","2.50e-13","7.52e-01","1.00e+00","2.71e-02","9.17e-01","3.21e-01","1.23e-03","7.67e-12","1.99e-13","1.17e-18","3.95e-14","6.06e-17","3.14e-19","1.00e+00","9.73e-01","1.00e+00","9.68e-01","1.00e+00","3.48e-01","1.00e+00","8.51e-02","1.00e+00","3.26e-02","9.53e-01","1.65e-01","1.00e+00","6.82e-01","1.00e+00","2.95e-07","4.79e-02","2.25e-03","1.00e+00","9.99e-01","1.00e+00","6.55e-01","8.41e-01","9.98e-01"
"49","CHCC_HBV","T361","6","6","0","0","2","1","1","6","3","7.52e-01","1.00e+00","1.00e+00","1.00e+00","1.00e+00","1.00e+00","2.85e-01","1.00e+00","9.79e-01","9.99e-01","1.00e+00","1.00e+00","1.36e-09","2.32e-06","2.39e-02","3.00e-03","1.00e+00","6.49e-01","1.10e-08","2.08e-02","9.76e-01","4.68e-01","1.00e+00","9.99e-01","5.15e-04","1.20e-03","9.97e-01","5.35e-01","1.00e+00","9.77e-01","5.73e-13","3.88e-12","9.40e-13","9.50e-09","1.98e-12","1.14e-05","1.82e-06","7.02e-08","3.52e-01","9.64e-04","2.46e-02","1.00e+00"
"50","CHCC_HBV","T363","5","5","0","0","0","0","6","1","3","6.33e-01","3.85e-03","7.10e-01","1.00e+00","3.69e-01","1.00e+00","4.10e-01","4.73e-03","1.45e-02","1.00e+00","1.68e-01","9.99e-01","9.96e-01","9.95e-01","9.94e-01","1.00e+00","1.00e+00","1.00e+00","2.91e-01","9.86e-01","5.64e-03","1.00e+00","8.02e-01","1.00e+00","3.44e-08","1.14e-07","2.30e-12","6.83e-11","6.72e-13","4.77e-06","6.33e-01","8.33e-01","5.41e-09","2.01e-01","1.00e+00","9.55e-01","2.61e-09","1.32e-03","4.49e-16","2.00e-04","1.00e+00","4.94e-02"
"51","CHCC_HBV","T365","6","6,7","0","0","1","2","2","5","5","9.63e-01","1.00e+00","1.00e+00","1.00e+00","1.00e+00","1.00e+00","4.88e-02","5.87e-01","9.85e-01","9.39e-01","1.00e+00","1.00e+00","6.00e-07","4.17e-01","1.00e+00","9.99e-01","1.00e+00","1.00e+00","8.98e-12","1.55e-02","9.67e-07","6.28e-01","1.00e+00","1.00e+00","2.51e-08","6.26e-02","5.58e-04","3.75e-01","1.00e+00","1.00e+00","5.73e-13","3.88e-12","6.06e-17","1.14e-13","3.95e-14","1.17e-03","2.05e-16","2.88e-11","2.95e-18","9.00e-10","2.05e-05","9.99e-01"
"52","CHCC_HBV","T367","1","1,2","5","5","3","0","2","0","0","1.02e-01","2.60e-11","4.18e-15","1.53e-09","4.04e-12","3.32e-15","9.18e-01","8.83e-08","1.09e-13","6.90e-07","7.67e-12","5.91e-11","1.00e+00","1.00e+00","1.30e-06","5.94e-01","2.75e-10","4.81e-08","1.00e+00","1.00e+00","1.00e+00","1.00e+00","7.15e-01","9.79e-01","1.00e+00","1.00e+00","4.08e-01","9.24e-06","3.57e-10","1.29e-01","1.00e+00","1.00e+00","1.00e+00","2.89e-01","1.00e+00","9.90e-01","1.00e+00","1.00e+00","1.00e+00","2.16e-02","8.76e-01","1.18e-02"
"53","CHCC_HBV","T375","2","2","4","5","4","0","0","0","1","1.00e+00","2.61e-01","1.67e-09","6.40e-06","6.63e-08","4.56e-07","1.95e-03","4.02e-09","7.71e-14","6.91e-11","2.09e-11","2.00e-11","7.41e-01","1.00e+00","1.40e-11","2.14e-08","8.08e-11","8.22e-13","1.00e+00","1.00e+00","1.00e+00","9.81e-01","9.46e-01","1.00e+00","1.00e+00","1.00e+00","1.00e+00","1.91e-02","3.67e-01","9.96e-01","1.00e+00","1.00e+00","1.00e+00","5.51e-02","6.35e-01","9.88e-01","1.00e+00","1.00e+00","1.00e+00","2.00e-04","4.80e-03","1.34e-02"
"54","CHCC_HBV","T383","2","2","0","5","0","0","0","0","3","1.00e+00","8.64e-01","5.36e-01","8.84e-01","1.18e-01","1.00e+00","1.95e-03","2.84e-14","4.10e-15","5.09e-11","2.50e-10","7.25e-09","1.37e-01","1.00e+00","2.58e-01","7.14e-01","9.93e-01","1.00e+00","4.66e-01","1.00e+00","7.44e-01","9.50e-01","9.68e-01","1.00e+00","1.18e-01","1.00e+00","2.88e-01","5.08e-02","6.00e-01","9.98e-01","8.83e-01","1.00e+00","6.99e-03","3.26e-02","4.02e-01","9.99e-01","8.23e-06","1.00e+00","1.04e-04","2.16e-10","2.51e-03","1.17e-03"
"55","CHCC_HBV","T385","2","1,2","5","5","2","0","3","0","2","9.51e-01","5.08e-11","9.38e-14","1.36e-06","1.00e-11","5.80e-07","6.45e-02","2.68e-09","2.98e-16","4.36e-08","3.88e-12","1.80e-11","1.00e+00","1.00e+00","2.43e-05","1.00e+00","1.01e-04","1.54e-01","1.00e+00","1.00e+00","1.00e+00","1.00e+00","6.42e-01","1.00e+00","1.00e+00","1.00e+00","4.41e-06","2.51e-08","5.90e-12","1.15e-01","1.00e+00","1.00e+00","1.00e+00","3.62e-01","1.00e+00","1.00e+00","1.00e+00","1.00e+00","8.47e-01","9.00e-10","8.90e-01","2.67e-05"
"56","CHCC_HBV","T387","2","1,2","4","4","3","0","2","0","1","8.50e-01","2.84e-03","3.85e-14","1.87e-06","5.52e-10","5.06e-11","1.80e-01","1.54e-03","2.24e-15","1.14e-04","7.87e-10","1.03e-09","9.97e-01","9.99e-01","5.12e-12","6.23e-02","3.60e-14","1.11e-14","1.00e+00","1.00e+00","1.00e+00","1.00e+00","9.75e-01","1.00e+00","1.00e+00","1.00e+00","9.38e-01","4.37e-07","6.98e-05","1.80e-01","1.00e+00","1.00e+00","1.00e+00","2.52e-02","1.00e+00","9.80e-01","1.00e+00","1.00e+00","1.00e+00","1.18e-05","8.26e-01","2.26e-02"
"57","CHCC_HBV","T391","2","1,2","5","5","3","0","2","0","0","9.51e-01","2.47e-05","6.78e-12","1.08e-06","1.47e-11","3.76e-15","6.45e-02","4.00e-06","4.67e-12","4.35e-04","3.19e-11","1.82e-09","1.00e+00","1.00e+00","3.22e-05","5.06e-01","2.54e-14","1.99e-11","1.00e+00","1.00e+00","1.00e+00","1.00e+00","7.52e-02","4.38e-02","1.00e+00","1.00e+00","4.96e-01","1.13e-05","1.16e-07","3.46e-02","1.00e+00","1.00e+00","1.00e+00","9.27e-01","1.00e+00","9.97e-01","1.00e+00","1.00e+00","1.00e+00","9.57e-01","9.67e-01","3.29e-03"
"58","CHCC_HBV","T393","3","3","1","0","6","0","0","1","0","3.67e-01","1.00e+00","7.79e-01","3.29e-01","9.12e-01","1.04e-06","6.74e-01","1.00e+00","8.28e-01","8.50e-01","9.14e-01","6.87e-01","3.26e-10","4.94e-11","2.29e-15","3.24e-12","1.48e-13","1.23e-18","2.22e-01","1.73e-01","1.00e+00","8.79e-01","1.00e+00","2.46e-01","6.75e-01","1.53e-01","1.00e+00","1.23e-01","9.97e-01","8.44e-01","8.86e-02","8.67e-02","1.00e+00","3.25e-06","2.80e-03","2.61e-02","1.00e+00","3.16e-01","1.00e+00","7.56e-01","1.62e-01","9.77e-01"
"59","CHCC_HBV","T395","7","7","0","0","0","2","2","2","4","9.73e-01","5.68e-01","1.00e+00","9.99e-01","1.00e+00","1.00e+00","3.71e-02","9.82e-03","3.83e-01","1.54e-02","2.69e-01","1.00e+00","4.34e-01","9.90e-01","1.00e+00","9.99e-01","1.00e+00","1.00e+00","6.45e-08","6.19e-01","1.43e-06","4.43e-01","3.31e-01","9.98e-01","5.81e-04","9.85e-01","7.98e-04","5.60e-01","8.58e-01","1.00e+00","3.07e-05","7.34e-01","2.23e-11","6.73e-01","1.43e-01","9.95e-01","4.38e-12","5.28e-06","1.03e-16","2.52e-03","2.76e-06","6.02e-03"
"60","CHCC_HBV","T411","3","3","3","1","6","0","3","1","0","1.25e-01","1.00e+00","3.41e-08","2.29e-03","4.95e-06","3.87e-14","8.98e-01","1.00e+00","2.63e-03","9.99e-01","1.76e-02","7.90e-05","1.43e-10","2.84e-14","1.99e-18","1.18e-13","6.06e-17","2.96e-19","1.00e+00","9.97e-01","1.00e+00","1.00e+00","1.00e+00","2.99e-01","9.98e-01","1.20e-03","1.00e+00","2.55e-06","1.35e-04","4.60e-04","1.00e+00","9.83e-01","1.00e+00","5.08e-04","1.00e+00","2.37e-03","1.00e+00","1.00e+00","1.00e+00","7.04e-01","1.00e+00","9.98e-01"
"61","CHCC_HBV","T413","1","1","5","3","3","0","2","0","2","9.77e-03","1.19e-09","9.07e-14","1.12e-07","6.52e-12","8.70e-15","9.94e-01","7.84e-03","6.84e-12","1.60e-02","4.87e-09","2.62e-07","1.00e+00","9.92e-01","5.85e-11","4.94e-01","2.19e-12","3.63e-11","1.00e+00","1.00e+00","1.00e+00","1.00e+00","9.94e-01","1.00e+00","1.00e+00","9.85e-01","5.09e-01","4.55e-07","7.01e-10","6.13e-02","1.00e+00","1.00e+00","1.00e+00","6.47e-03","1.00e+00","1.00e+00","1.00e+00","1.00e+00","1.00e+00","2.68e-06","9.42e-01","5.34e-05"
"62","CHCC_HBV","T415","7","7","0","0","1","2","2","5","6","9.98e-01","1.00e+00","1.00e+00","1.00e+00","1.00e+00","1.00e+00","3.91e-03","7.02e-02","9.97e-01","9.05e-01","1.00e+00","1.00e+00","1.98e-07","9.31e-01","1.00e+00","1.00e+00","1.00e+00","1.00e+00","4.74e-13","2.80e-03","9.43e-07","2.80e-01","1.00e+00","1.00e+00","9.08e-09","9.72e-02","4.13e-07","7.23e-01","1.00e+00","1.00e+00","3.27e-12","2.18e-08","2.07e-15","2.45e-08","2.90e-08","9.99e-01","6.06e-17","2.00e-11","2.96e-19","5.12e-11","1.49e-08","6.45e-04"
"63","CHCC_HBV","T421","7","7","0","2","0","0","0","3","6","9.96e-01","9.59e-01","7.26e-01","9.49e-01","1.00e+00","1.00e+00","5.86e-03","2.65e-03","2.41e-09","2.35e-04","1.39e-02","1.00e+00","4.17e-02","9.97e-01","2.19e-01","9.88e-01","1.00e+00","1.00e+00","2.75e-01","1.00e+00","7.82e-01","9.98e-01","1.00e+00","1.00e+00","5.19e-02","1.00e+00","1.17e-02","2.52e-03","9.92e-01","1.00e+00","8.59e-05","9.86e-01","1.71e-11","3.38e-05","8.38e-03","1.00e+00","8.39e-15","2.10e-05","4.12e-17","3.32e-13","7.45e-08","7.63e-06"
"64","CHCC_HBV","T423","6","6","0","0","3","2","2","6","3","4.55e-01","1.00e+00","1.00e+00","1.00e+00","1.00e+00","1.00e+00","5.90e-01","1.00e+00","1.00e+00","1.00e+00","1.00e+00","1.00e+00","1.60e-11","1.03e-08","6.33e-01","3.20e-04","1.00e+00","9.92e-01","2.60e-11","1.46e-08","3.68e-01","1.91e-03","1.00e+00","9.81e-01","7.28e-06","1.96e-04","1.00e+00","9.98e-01","1.00e+00","1.00e+00","7.18e-13","3.88e-12","5.96e-10","4.22e-11","5.04e-14","1.26e-04","1.05e-07","5.34e-11","7.73e-03","1.89e-02","1.51e-05","1.00e+00"
"65","CHCC_HBV","T425","3","3","4","3","6","0","1","0","0","2.48e-01","1.00e+00","2.09e-06","9.72e-04","2.00e-07","2.89e-12","7.87e-01","1.00e+00","4.86e-04","3.18e-01","1.04e-04","4.19e-05","2.28e-04","4.39e-08","1.90e-17","2.13e-12","7.25e-16","4.68e-19","1.00e+00","1.00e+00","1.00e+00","1.00e+00","9.73e-01","9.55e-01","9.99e-01","6.87e-01","1.00e+00","3.22e-05","1.47e-01","1.62e-01","1.00e+00","1.00e+00","1.00e+00","2.75e-02","8.54e-01","9.76e-01","1.00e+00","1.00e+00","1.00e+00","4.59e-02","8.44e-01","2.69e-02"
"66","CHCC_HBV","T427","2","2","4","5","4","0","0","0","3","1.00e+00","9.37e-01","6.71e-05","4.94e-06","2.89e-08","1.29e-07","1.95e-03","1.11e-05","3.14e-15","4.98e-10","6.63e-12","4.13e-10","6.39e-02","1.00e+00","3.16e-10","2.81e-08","2.37e-09","2.75e-11","1.00e+00","1.00e+00","1.00e+00","7.05e-01","6.24e-01","1.00e+00","1.00e+00","1.00e+00","1.00e+00","2.97e-01","6.33e-01","1.00e+00","1.00e+00","1.00e+00","1.00e+00","3.80e-01","3.69e-01","1.00e+00","1.00e+00","1.00e+00","1.00e+00","2.65e-05","1.50e-04","1.26e-04"
"67","CHCC_HBV","T431","3","3","1","0","6","0","0","0","0","6.74e-01","1.00e+00","9.37e-01","1.90e-01","2.61e-01","8.36e-05","3.67e-01","1.00e+00","2.38e-01","9.57e-01","4.36e-01","7.24e-01","2.86e-11","1.25e-06","1.98e-13","3.11e-10","2.29e-13","7.55e-16","6.33e-02","7.63e-01","1.00e+00","8.74e-01","9.87e-01","4.52e-01","8.12e-01","4.41e-02","1.00e+00","1.28e-01","9.76e-01","4.86e-01","7.41e-01","5.67e-01","1.00e+00","1.34e-02","2.40e-02","2.61e-01","1.00e+00","2.78e-01","1.00e+00","5.51e-01","5.24e-01","7.52e-01"
"68","CHCC_HBV","T433","7","7","0","0","0","0","0","1","5","4.10e-01","9.94e-01","9.65e-01","6.27e-01","9.60e-01","1.00e+00","6.33e-01","9.39e-01","2.52e-01","9.79e-01","4.14e-01","1.00e+00","6.47e-03","6.24e-02","3.73e-01","3.77e-01","1.00e+00","1.00e+00","3.56e-02","7.49e-01","6.28e-01","8.36e-01","9.83e-01","1.00e+00","3.77e-01","2.14e-02","6.25e-01","1.66e-01","8.81e-01","9.98e-01","4.07e-02","5.89e-01","2.14e-04","1.76e-02","1.20e-01","1.00e+00","6.17e-06","1.18e-05","6.17e-05","1.49e-08","1.78e-03","1.26e-04"
"69","CHCC_HBV","T435","3","3","4","0","6","0","2","1","0","1.95e-03","1.00e+00","3.39e-04","5.26e-04","8.17e-05","3.43e-14","1.00e+00","1.00e+00","8.05e-01","1.00e+00","4.35e-01","9.67e-02","3.85e-09","2.84e-14","3.76e-16","6.60e-12","7.90e-17","3.52e-19","1.00e+00","1.96e-01","1.00e+00","9.88e-01","9.79e-01","5.12e-03","9.99e-01","3.16e-08","1.00e+00","1.23e-02","7.33e-03","6.92e-04","1.00e+00","5.68e-01","1.00e+00","2.11e-02","9.93e-01","9.65e-04","1.00e+00","9.05e-01","1.00e+00","9.95e-01","9.99e-01","9.99e-01"
"70","CHCC_HBV","T443","3","3","1","0","6","0","0","0","0","4.10e-01","1.00e+00","2.13e-01","9.08e-02","1.22e-02","2.63e-04","6.33e-01","1.00e+00","3.86e-02","9.98e-01","5.04e-01","8.41e-01","1.53e-08","1.63e-10","1.90e-15","1.00e-07","7.93e-15","6.98e-18","7.89e-01","9.62e-01","1.00e+00","9.97e-01","9.98e-01","8.81e-01","9.11e-01","1.65e-03","1.00e+00","3.14e-03","6.25e-01","4.20e-01","9.88e-01","4.99e-01","1.00e+00","2.23e-03","3.77e-01","9.83e-01","1.00e+00","1.61e-01","1.00e+00","1.20e-01","5.89e-01","1.92e-02"
"71","CHCC_HBV","T445","3","3","1","0","6","0","1","1","0","6.45e-02","1.00e+00","5.80e-01","4.40e-02","2.37e-01","1.54e-10","9.51e-01","1.00e+00","9.93e-01","1.00e+00","9.96e-01","8.89e-01","1.19e-11","2.68e-09","1.24e-15","8.49e-13","3.34e-16","2.96e-19","4.22e-01","6.60e-03","1.00e+00","9.95e-01","1.00e+00","3.02e-02","9.57e-01","1.14e-04","1.00e+00","5.32e-03","9.85e-01","2.76e-02","7.65e-01","4.19e-03","1.00e+00","1.39e-05","1.56e-02","5.42e-02","1.00e+00","1.12e-01","1.00e+00","9.70e-01","9.74e-01","9.51e-01"
"72","CHCC_HBV","T451","4","4","0","0","1","6","1","3","3","1.00e+00","1.00e+00","1.00e+00","1.00e+00","1.00e+00","1.00e+00","1.95e-03","7.17e-02","1.00e+00","7.31e-01","9.86e-01","1.00e+00","1.07e-04","9.30e-01","1.00e+00","9.99e-01","1.00e+00","1.00e+00","1.27e-15","7.72e-15","1.44e-18","3.10e-11","1.14e-13","4.31e-13","3.51e-04","2.73e-01","1.25e-03","1.00e+00","1.00e+00","9.98e-01","9.30e-08","1.44e-02","2.46e-04","1.00e+00","1.42e-05","5.34e-01","3.18e-06","6.09e-06","1.91e-07","1.00e+00","2.51e-03","4.83e-01"
"73","CHCC_HBV","T455","7","7","0","2","0","0","2","3","6","8.20e-01","2.32e-01","8.16e-01","9.99e-01","1.00e+00","1.00e+00","2.13e-01","4.71e-04","9.99e-08","1.50e-01","8.69e-02","1.00e+00","7.70e-01","1.00e+00","8.27e-01","1.00e+00","1.00e+00","1.00e+00","1.85e-01","1.00e+00","1.74e-01","1.00e+00","1.00e+00","1.00e+00","1.07e-03","8.53e-01","4.84e-10","7.19e-06","9.13e-01","1.00e+00","2.87e-04","9.14e-01","1.71e-13","1.14e-06","8.82e-02","1.00e+00","1.80e-16","2.79e-10","2.96e-19","2.67e-13","1.42e-07","3.81e-06"
"74","CHCC_HBV","T461","7","6,7","0","0","1","1","2","5","5","9.80e-01","1.00e+00","1.00e+00","1.00e+00","1.00e+00","1.00e+00","2.73e-02","9.50e-01","9.48e-01","9.79e-01","1.00e+00","1.00e+00","1.53e-08","5.10e-02","9.81e-01","1.00e+00","1.00e+00","1.00e+00","1.50e-09","5.23e-02","1.92e-02","9.12e-01","1.00e+00","1.00e+00","3.81e-08","2.14e-02","1.80e-05","8.97e-02","1.00e+00","1.00e+00","6.56e-13","7.22e-10","7.65e-17","2.27e-13","3.24e-12","9.90e-01","6.06e-17","2.22e-11","2.96e-19","5.09e-12","7.45e-09","1.18e-02"
"75","CHCC_HBV","T463","1","1","5","3","4","0","2","1","1","1.95e-03","6.08e-05","1.27e-15","1.08e-09","1.29e-12","1.38e-16","1.00e+00","9.92e-01","2.08e-15","3.98e-03","1.60e-10","6.40e-10","1.00e+00","8.37e-03","1.01e-18","1.12e-08","5.09e-16","4.96e-19","1.00e+00","1.00e+00","1.00e+00","1.00e+00","1.00e+00","1.00e+00","1.00e+00","9.96e-01","1.00e+00","9.33e-11","1.12e-09","3.09e-02","1.00e+00","1.00e+00","1.00e+00","4.19e-04","1.00e+00","9.85e-01","1.00e+00","1.00e+00","1.00e+00","1.68e-09","9.71e-01","1.71e-02"
"76","CHCC_HBV","T465","3","3","1","0","6","2","1","5","1","8.20e-02","1.00e+00","1.00e+00","7.75e-01","1.00e+00","4.52e-06","9.36e-01","1.00e+00","1.00e+00","1.00e+00","1.00e+00","9.99e-01","5.99e-12","2.84e-14","2.05e-13","9.65e-14","3.54e-14","4.42e-19","5.64e-05","2.49e-05","1.00e+00","1.01e-01","1.00e+00","7.95e-02","2.28e-01","1.88e-06","1.00e+00","9.00e-01","1.00e+00","5.98e-01","4.40e-04","9.39e-09","1.00e+00","8.79e-07","3.91e-08","2.67e-05","1.00e+00","6.39e-04","1.00e+00","9.21e-01","4.11e-01","1.00e+00"
"77","CHCC_HBV","T467","7","7","0","3","0","0","2","1","5","1.00e+00","8.98e-01","5.43e-01","1.00e+00","6.06e-01","1.00e+00","1.95e-03","9.06e-04","2.21e-08","1.04e-02","7.65e-04","9.74e-01","1.03e-01","9.99e-01","4.91e-01","1.00e+00","1.00e+00","1.00e+00","4.58e-01","1.00e+00","5.11e-01","9.96e-01","9.79e-01","1.00e+00","2.14e-05","9.90e-01","1.81e-04","3.98e-03","4.00e-02","1.00e+00","3.97e-01","9.99e-01","7.67e-07","2.18e-02","9.60e-01","1.00e+00","5.64e-15","2.69e-02","9.78e-16","4.31e-12","6.74e-06","2.67e-05"
"78","CHCC_HBV","T471","7","5,7","0","1","0","1","5","1","5","9.18e-01","4.46e-01","9.91e-01","1.00e+00","9.86e-01","1.00e+00","1.02e-01","4.93e-04","1.01e-01","1.00e+00","3.02e-01","1.00e+00","5.57e-01","1.00e+00","1.00e+00","1.00e+00","1.00e+00","1.00e+00","8.63e-03","9.00e-01","2.62e-04","1.00e+00","8.74e-01","1.00e+00","6.81e-10","6.73e-06","1.76e-13","2.75e-08","1.12e-09","7.86e-01","1.45e-02","7.00e-01","5.03e-12","1.28e-01","1.00e+00","1.00e+00","7.15e-17","7.04e-10","3.05e-19","1.21e-10","2.21e-01","3.81e-06"
"79","CHCC_HBV","T473","3","3","3","0","4","2","3","0","0","1.95e-03","4.64e-02","3.33e-04","2.73e-01","1.11e-08","1.34e-11","1.00e+00","1.00e+00","9.92e-01","1.00e+00","1.42e-01","4.29e-01","9.54e-01","8.22e-08","1.69e-04","6.74e-01","6.11e-10","2.15e-13","1.00e+00","8.18e-03","1.00e+00","9.99e-01","8.90e-04","2.72e-05","7.30e-01","1.29e-07","3.28e-01","1.41e-03","4.66e-09","2.76e-06","1.00e+00","8.59e-01","1.00e+00","9.99e-01","1.00e+00","2.09e-01","1.00e+00","5.74e-01","1.00e+00","1.00e+00","1.00e+00","8.04e-01"
"80","CHCC_HBV","T477","6","6","0","0","2","2","2","4","2","8.50e-01","1.00e+00","1.00e+00","1.00e+00","1.00e+00","9.99e-01","1.80e-01","1.00e+00","1.00e+00","1.00e+00","1.00e+00","1.00e+00","3.30e-09","7.90e-07","6.61e-01","3.96e-01","1.00e+00","6.35e-01","9.32e-11","3.01e-05","3.40e-01","4.37e-01","9.18e-01","1.28e-01","5.28e-06","1.14e-07","6.06e-01","5.66e-01","1.00e+00","1.87e-01","6.71e-10","6.24e-09","2.54e-06","8.42e-02","3.99e-04","2.69e-02","9.51e-04","2.84e-05","3.66e-01","8.73e-01","8.20e-01","9.76e-01"
"81","CHCC_HBV","T481","6","6","0","0","2","3","2","6","3","6.74e-01","1.00e+00","1.00e+00","1.00e+00","1.00e+00","1.00e+00","3.67e-01","1.00e+00","1.00e+00","1.00e+00","1.00e+00","1.00e+00","1.08e-11","6.30e-07","1.00e+00","9.80e-01","1.00e+00","1.00e+00","1.07e-13","1.91e-10","6.24e-07","6.46e-02","1.00e+00","8.53e-01","4.52e-10","1.03e-05","1.98e-02","9.36e-01","1.00e+00","9.57e-01","5.73e-13","3.88e-12","8.87e-17","2.27e-13","3.95e-14","3.81e-06","1.38e-14","1.26e-10","5.12e-16","1.49e-01","4.53e-02","1.00e+00"
"82","CHCC_HBV","T483","7","7","0","0","1","0","2","2","6","3.67e-01","1.00e+00","9.96e-01","1.00e+00","1.00e+00","1.00e+00","6.74e-01","9.62e-01","6.51e-01","9.97e-01","7.54e-01","1.00e+00","9.92e-07","3.91e-02","1.35e-01","9.99e-01","1.00e+00","1.00e+00","3.62e-03","3.51e-01","8.66e-01","9.99e-01","9.88e-01","1.00e+00","3.79e-08","3.15e-03","1.28e-03","8.27e-04","7.48e-01","1.00e+00","2.01e-04","2.48e-01","1.23e-09","1.28e-02","2.54e-01","1.00e+00","5.98e-16","2.08e-10","8.06e-19","9.98e-11","1.88e-06","1.26e-04"
"83","CHCC_HBV","T487","3","3","1","0","6","0","0","1","0","5.45e-01","1.00e+00","8.19e-01","7.63e-01","4.96e-01","5.63e-06","5.00e-01","1.00e+00","6.92e-01","9.95e-01","9.88e-01","6.83e-01","1.85e-09","4.38e-08","9.71e-15","9.22e-12","9.37e-16","3.07e-18","1.82e-01","3.09e-01","1.00e+00","9.52e-01","1.00e+00","1.83e-01","2.40e-01","5.72e-03","1.00e+00","4.84e-02","9.99e-01","9.27e-02","5.06e-01","1.18e-02","1.00e+00","1.18e-04","1.21e-03","3.83e-01","1.00e+00","3.20e-01","1.00e+00","8.18e-01","9.11e-01","6.33e-01"
"84","CHCC_HBV","T491","2","2","3","5","3","0","0","0","1","1.00e+00","9.35e-01","9.57e-04","2.05e-02","3.51e-04","5.12e-05","1.95e-03","5.78e-11","5.92e-15","1.56e-10","3.85e-11","8.43e-11","6.57e-02","1.00e+00","7.14e-06","4.84e-04","2.61e-02","5.65e-06","9.99e-01","1.00e+00","1.00e+00","8.70e-01","9.50e-01","1.00e+00","9.80e-01","1.00e+00","1.00e+00","1.31e-01","7.29e-01","9.95e-01","1.00e+00","1.00e+00","9.74e-01","5.11e-02","2.73e-01","9.51e-01","1.00e+00","1.00e+00","1.00e+00","7.70e-05","5.60e-03","5.42e-02"
"85","CHCC_HBV","T493","2","2,3","1","3","3","0","0","0","2","1.00e+00","1.00e+00","1.19e-02","8.20e-01","6.51e-05","1.17e-02","1.95e-03","1.24e-01","3.31e-10","1.42e-02","2.87e-08","6.97e-05","4.08e-04","8.78e-01","1.10e-09","4.01e-01","2.73e-03","1.31e-05","9.88e-01","1.00e+00","1.00e+00","9.86e-01","9.37e-01","1.00e+00","1.83e-01","9.86e-01","6.01e-01","1.47e-02","4.57e-02","9.93e-01","1.00e+00","1.00e+00","9.97e-01","6.41e-02","9.55e-01","1.00e+00","9.88e-01","1.00e+00","1.00e+00","3.28e-10","7.53e-03","1.91e-05"
"86","CHCC_HBV","T497","1","1,2,3","4","4","4","0","1","1","1","1.95e-02","4.30e-02","1.27e-15","1.08e-09","4.81e-12","5.90e-14","9.86e-01","8.35e-01","3.71e-15","2.40e-08","2.50e-10","3.75e-10","9.58e-01","1.68e-01","2.45e-18","1.60e-09","3.61e-12","1.88e-17","1.00e+00","1.00e+00","1.00e+00","1.00e+00","1.00e+00","1.00e+00","1.00e+00","1.00e+00","1.00e+00","1.39e-05","9.83e-03","9.98e-01","1.00e+00","1.00e+00","1.00e+00","4.30e-05","9.90e-01","9.90e-01","1.00e+00","1.00e+00","1.00e+00","1.19e-08","1.78e-03","1.18e-02"
"87","CHCC_HBV","T513","6","6","0","0","2","2","2","6","2","1.80e-01","1.00e+00","1.00e+00","1.00e+00","1.00e+00","1.00e+00","8.50e-01","1.00e+00","1.00e+00","1.00e+00","1.00e+00","1.00e+00","1.60e-11","7.93e-10","7.41e-01","2.21e-02","1.00e+00","7.87e-01","2.42e-12","3.96e-09","2.60e-01","5.25e-02","1.00e+00","9.37e-02","4.05e-05","4.25e-05","9.78e-01","9.48e-01","1.00e+00","9.29e-01","5.99e-13","5.46e-12","3.81e-13","7.96e-12","7.45e-13","3.81e-06","3.34e-05","6.45e-08","2.14e-01","9.07e-01","7.41e-02","1.00e+00"
"88","CHCC_HBV","T515","6","6","0","0","2","2","2","6","5","2.13e-01","1.00e+00","1.00e+00","1.00e+00","1.00e+00","1.00e+00","8.20e-01","1.00e+00","9.99e-01","1.00e+00","1.00e+00","1.00e+00","2.11e-09","1.27e-08","7.65e-01","8.19e-01","1.00e+00","1.00e+00","5.38e-09","9.00e-04","2.36e-01","9.26e-01","1.00e+00","1.00e+00","1.27e-08","4.35e-04","1.82e-01","7.52e-02","1.00e+00","1.00e+00","5.73e-13","4.08e-12","6.48e-17","1.14e-13","4.11e-14","7.63e-06","1.61e-14","2.46e-11","9.54e-13","3.21e-09","2.68e-04","1.00e+00"
"89","CHCC_HBV","T517","1","1","5","0","4","0","4","0","0","1.95e-03","9.66e-05","4.50e-08","5.39e-06","5.16e-11","2.93e-15","1.00e+00","1.00e+00","3.00e-02","1.00e+00","3.33e-03","1.94e-02","1.00e+00","1.60e-05","1.45e-08","1.75e-01","1.02e-14","1.23e-14","1.00e+00","9.70e-01","1.00e+00","1.00e+00","3.92e-01","3.15e-02","1.00e+00","7.34e-06","8.26e-01","4.99e-06","6.39e-09","1.18e-04","1.00e+00","9.97e-01","1.00e+00","6.13e-01","1.00e+00","5.84e-01","1.00e+00","9.81e-01","1.00e+00","9.69e-01","1.00e+00","4.33e-01"
"90","CHCC_HBV","T523","3","3","4","3","6","0","1","1","0","1.95e-02","1.00e+00","1.21e-12","4.41e-07","1.77e-08","1.30e-14","9.86e-01","1.00e+00","7.95e-08","4.43e-01","1.01e-04","9.44e-06","1.60e-04","1.45e-09","5.85e-18","5.08e-12","6.06e-17","2.96e-19","1.00e+00","1.00e+00","1.00e+00","1.00e+00","1.00e+00","8.18e-01","1.00e+00","5.63e-01","1.00e+00","3.26e-05","7.26e-02","7.39e-02","1.00e+00","1.00e+00","1.00e+00","2.67e-04","9.28e-01","3.70e-01","1.00e+00","1.00e+00","1.00e+00","1.84e-01","9.30e-01","6.48e-01"
"91","CHCC_HBV","T525","2","2","2","5","1","0","1","0","2","9.94e-01","1.17e-01","1.08e-07","2.14e-01","1.70e-05","8.48e-02","9.77e-03","9.87e-07","8.52e-15","5.02e-07","6.72e-11","5.28e-09","8.85e-01","1.00e+00","6.87e-06","9.38e-01","4.46e-01","4.05e-01","1.00e+00","1.00e+00","1.00e+00","9.99e-01","9.97e-01","1.00e+00","7.89e-01","1.00e+00","6.23e-02","9.72e-04","3.35e-02","9.93e-01","1.00e+00","1.00e+00","5.56e-01","3.17e-03","9.67e-01","1.00e+00","9.16e-01","1.00e+00","5.97e-01","1.67e-11","7.53e-03","3.81e-05"
"92","CHCC_HBV","T527","1","1,3","4","2","4","0","0","1","1","2.13e-01","1.06e-01","4.85e-08","6.45e-08","6.66e-07","9.55e-15","8.20e-01","5.53e-01","3.78e-08","1.04e-02","9.06e-05","1.37e-03","8.96e-01","4.51e-01","1.98e-13","4.51e-09","8.46e-12","1.57e-16","1.00e+00","1.00e+00","1.00e+00","9.98e-01","1.00e+00","1.00e+00","1.00e+00","9.90e-01","1.00e+00","2.06e-03","7.48e-01","8.60e-01","1.00e+00","1.00e+00","1.00e+00","5.01e-06","2.54e-01","6.95e-01","1.00e+00","9.99e-01","1.00e+00","2.94e-04","1.45e-01","3.20e-01"
"93","CHCC_HBV","T533","3","3","1","1","6","0","0","2","0","6.74e-01","1.00e+00","4.45e-02","3.19e-03","8.80e-01","3.56e-06","3.67e-01","1.00e+00","4.81e-04","5.96e-01","6.50e-01","8.98e-01","9.72e-09","9.38e-13","1.47e-15","8.83e-13","1.04e-13","6.34e-17","9.56e-01","1.00e+00","1.00e+00","9.84e-01","1.00e+00","9.77e-01","9.97e-01","4.09e-01","1.00e+00","1.66e-02","1.00e+00","8.55e-01","1.21e-01","3.52e-01","1.00e+00","2.07e-05","6.22e-05","8.97e-03","1.00e+00","1.03e-01","1.00e+00","2.30e-02","1.51e-01","9.92e-01"
"94","CHCC_HBV","T537","1","1","5","4","4","0","2","0","0","6.45e-02","2.04e-08","7.21e-15","1.56e-08","9.40e-13","3.88e-15","9.51e-01","9.82e-03","3.04e-14","3.14e-05","1.16e-10","2.10e-09","1.00e+00","9.90e-01","2.08e-13","3.84e-05","5.90e-14","1.26e-14","1.00e+00","1.00e+00","1.00e+00","1.00e+00","8.69e-01","9.36e-01","1.00e+00","1.00e+00","1.00e+00","5.78e-06","3.48e-09","1.05e-01","1.00e+00","1.00e+00","1.00e+00","1.33e-01","1.00e+00","9.91e-01","1.00e+00","1.00e+00","1.00e+00","6.52e-02","8.99e-01","1.04e-02"
"95","CHCC_HBV","T545","2","2","2","5","1","0","2","2","2","6.45e-02","3.06e-05","4.77e-07","1.27e-01","1.09e-03","9.75e-01","9.51e-01","6.65e-05","7.46e-15","1.45e-07","4.04e-11","3.58e-04","1.00e+00","1.00e+00","2.26e-09","9.57e-01","1.00e+00","9.86e-01","1.00e+00","1.00e+00","1.00e+00","1.00e+00","1.00e+00","1.00e+00","8.75e-01","1.00e+00","4.38e-02","2.40e-08","3.58e-04","9.83e-01","9.99e-01","1.00e+00","6.12e-05","3.81e-05","1.00e+00","1.00e+00","2.49e-02","1.00e+00","1.44e-02","4.68e-12","1.81e-02","9.54e-05"
"96","CHCC_HBV","T553","5","5","0","0","0","0","6","1","2","5.45e-01","7.29e-01","8.41e-01","1.00e+00","7.35e-01","1.00e+00","5.00e-01","1.24e-01","1.60e-01","1.00e+00","1.49e-01","9.98e-01","2.73e-01","8.78e-01","9.32e-01","1.00e+00","1.00e+00","1.00e+00","1.60e-01","8.41e-01","6.83e-02","1.00e+00","7.84e-01","9.97e-01","2.65e-10","3.64e-12","3.95e-14","2.12e-10","4.06e-12","1.86e-07","2.67e-01","8.53e-01","1.11e-06","2.20e-01","1.00e+00","9.98e-01","9.58e-06","1.85e-03","8.71e-12","3.30e-03","1.00e+00","2.80e-03"
"97","CHCC_HBV","T557","4","4","0","0","1","6","2","1","4","9.98e-01","9.99e-01","1.00e+00","1.00e+00","9.99e-01","1.00e+00","3.91e-03","3.77e-02","1.00e+00","5.51e-01","7.04e-01","1.00e+00","5.99e-04","9.63e-01","1.00e+00","1.00e+00","1.00e+00","1.00e+00","7.43e-15","4.12e-09","4.94e-15","2.79e-07","6.63e-06","1.21e-04","3.34e-06","4.54e-01","1.81e-04","1.00e+00","9.50e-01","9.99e-01","1.00e-03","2.98e-01","2.78e-08","1.00e+00","5.01e-02","7.66e-01","4.87e-08","2.29e-06","2.89e-09","1.00e+00","7.65e-04","2.48e-01"
"98","CHCC_HBV","T563","7","7","0","0","0","2","2","5","6","9.86e-01","9.97e-01","1.00e+00","1.00e+00","1.00e+00","1.00e+00","1.95e-02","1.97e-02","9.42e-01","9.91e-01","1.00e+00","1.00e+00","2.91e-03","9.81e-01","1.00e+00","1.00e+00","1.00e+00","1.00e+00","7.25e-10","5.89e-02","2.68e-06","9.95e-01","1.00e+00","1.00e+00","1.36e-09","9.54e-03","1.72e-11","4.80e-03","1.00e+00","1.00e+00","3.71e-12","3.33e-07","1.10e-16","1.92e-09","5.00e-07","1.00e+00","6.06e-17","1.80e-11","2.96e-19","2.67e-13","1.54e-06","3.81e-06"
"99","CHCC_HBV","T567","1","1","5","4","4","0","0","0","0","5.00e-01","2.68e-06","1.04e-13","4.26e-10","2.09e-12","2.67e-15","5.45e-01","4.73e-03","8.49e-14","4.14e-08","2.53e-11","1.54e-10","1.00e+00","9.95e-01","8.51e-13","5.93e-08","9.64e-17","3.37e-16","1.00e+00","1.00e+00","1.00e+00","9.42e-01","8.19e-01","8.12e-01","1.00e+00","1.00e+00","1.00e+00","5.88e-02","4.00e-02","9.52e-01","1.00e+00","1.00e+00","1.00e+00","1.84e-01","9.60e-01","7.61e-01","1.00e+00","1.00e+00","1.00e+00","1.90e-01","5.02e-02","2.54e-01"
"100","CHCC_HBV","T571","3","3","1","0","6","0","2","1","0","1.25e-01","1.00e+00","5.35e-02","1.50e-01","1.98e-02","1.67e-07","8.98e-01","1.00e+00","4.18e-01","1.00e+00","8.71e-01","7.05e-01","8.39e-07","8.43e-09","1.22e-12","3.64e-07","7.05e-14","4.98e-17","9.47e-01","5.84e-01","1.00e+00","1.00e+00","9.99e-01","4.19e-01","8.52e-01","1.31e-04","1.00e+00","7.08e-07","4.14e-02","1.12e-03","9.81e-01","1.30e-01","1.00e+00","8.14e-04","9.59e-01","5.42e-02","1.00e+00","2.97e-01","1.00e+00","5.83e-01","9.99e-01","9.51e-01"
"101","CHCC_HBV","T573","2","2","4","5","2","0","0","0","1","1.00e+00","6.09e-03","2.98e-07","5.63e-06","2.06e-07","2.32e-07","1.95e-03","4.79e-10","7.06e-16","9.09e-11","1.02e-11","1.40e-10","9.94e-01","1.00e+00","7.48e-03","1.17e-02","2.33e-08","2.44e-04","1.00e+00","1.00e+00","9.93e-01","9.52e-01","8.17e-01","9.98e-01","1.00e+00","1.00e+00","9.88e-01","4.84e-02","4.74e-01","9.97e-01","1.00e+00","1.00e+00","1.00e+00","1.86e-01","5.28e-01","1.00e+00","1.00e+00","1.00e+00","1.00e+00","2.09e-03","3.23e-03","3.36e-04"
"102","CHCC_HBV","T615","6","6","0","0","3","2","2","6","2","3.26e-01","1.00e+00","1.00e+00","1.00e+00","1.00e+00","1.00e+00","7.15e-01","1.00e+00","1.00e+00","1.00e+00","1.00e+00","1.00e+00","7.30e-12","3.69e-10","4.21e-01","4.19e-04","1.00e+00","6.54e-01","4.42e-11","8.47e-10","5.81e-01","2.58e-02","1.00e+00","8.25e-01","6.43e-05","3.16e-08","1.00e+00","9.75e-01","1.00e+00","9.90e-01","6.56e-13","3.88e-12","7.49e-13","1.14e-13","5.94e-14","3.81e-06","8.30e-05","2.08e-10","3.48e-01","1.76e-01","1.05e-02","1.00e+00"
"103","CHCC_HBV","T617","7","7","0","0","1","2","2","5","6","2.85e-01","9.98e-01","1.00e+00","1.00e+00","1.00e+00","1.00e+00","7.52e-01","9.99e-01","9.99e-01","9.74e-01","1.00e+00","1.00e+00","1.65e-03","5.39e-04","1.00e+00","1.00e+00","1.00e+00","1.00e+00","1.87e-09","1.15e-03","9.19e-05","8.00e-01","1.00e+00","1.00e+00","1.73e-08","2.67e-02","1.02e-08","2.02e-01","1.00e+00","1.00e+00","3.31e-10","3.11e-08","3.81e-16","1.54e-07","2.29e-05","1.00e+00","7.15e-17","1.80e-11","2.96e-19","6.66e-13","1.49e-08","1.27e-04"
"104","CHCC_HBV","T627","6","6","0","0","2","3","2","6","4","8.20e-01","1.00e+00","1.00e+00","1.00e+00","1.00e+00","1.00e+00","2.13e-01","1.00e+00","1.00e+00","1.00e+00","1.00e+00","1.00e+00","2.25e-11","2.51e-08","1.00e+00","5.93e-01","1.00e+00","1.00e+00","1.07e-13","2.45e-10","7.25e-06","1.44e-01","1.00e+00","1.00e+00","1.13e-08","5.29e-05","4.09e-01","8.58e-01","1.00e+00","9.98e-01","5.73e-13","3.88e-12","6.06e-17","1.14e-13","3.95e-14","3.81e-06","1.91e-15","2.34e-11","1.66e-15","1.40e-04","2.12e-03","1.00e+00"
"105","CHCC_HBV","T635","3","3","0","0","6","0","1","0","0","2.13e-01","1.00e+00","7.21e-01","6.27e-01","8.48e-01","8.38e-02","8.20e-01","1.00e+00","1.68e-01","9.81e-01","4.61e-01","9.84e-01","1.27e-06","1.85e-06","1.16e-09","3.51e-05","1.35e-05","2.68e-10","2.81e-01","8.33e-01","1.00e+00","1.00e+00","9.97e-01","6.42e-01","3.77e-01","1.99e-02","1.00e+00","2.14e-05","6.37e-01","2.50e-01","1.54e-01","5.42e-01","1.00e+00","3.04e-03","3.65e-01","3.20e-01","9.17e-01","1.63e-02","1.00e+00","3.60e-01","7.58e-01","6.95e-01"
"106","CHCC_HBV","T641","5","5","0","0","0","0","6","1","5","1.02e-01","2.22e-03","1.97e-01","1.00e+00","3.44e-01","1.00e+00","9.18e-01","9.43e-02","1.07e-03","1.00e+00","2.31e-03","1.00e+00","9.98e-01","9.08e-01","7.60e-01","1.00e+00","1.00e+00","1.00e+00","8.05e-01","9.99e-01","2.41e-01","1.00e+00","9.19e-01","1.00e+00","2.65e-10","1.09e-11","3.95e-14","2.64e-11","3.95e-14","9.22e-05","6.59e-01","9.98e-01","4.88e-09","8.24e-02","1.00e+00","1.00e+00","3.76e-14","2.54e-04","1.30e-16","2.24e-09","1.00e+00","3.81e-06"
"107","CHCC_HBV","T647","3","3","1","0","6","0","2","2","0","4.88e-02","1.00e+00","4.08e-02","1.85e-01","3.46e-01","1.20e-11","9.63e-01","1.00e+00","5.14e-01","1.00e+00","9.69e-01","9.28e-02","2.86e-11","5.68e-14","5.14e-18","5.93e-14","2.35e-15","1.01e-18","9.60e-01","4.87e-01","1.00e+00","1.00e+00","1.00e+00","1.30e-01","8.17e-01","3.39e-05","1.00e+00","2.36e-04","7.81e-01","1.00e-02","6.56e-01","3.18e-02","1.00e+00","4.05e-05","2.21e-01","6.45e-04","1.00e+00","9.09e-01","1.00e+00","8.71e-01","9.91e-01","9.99e-01"
"108","CHCC_HBV","T661","2","1,2","5","5","3","0","3","0","1","8.20e-01","8.79e-12","6.68e-15","3.98e-06","2.50e-12","1.88e-12","2.13e-01","8.53e-14","3.93e-16","2.55e-10","3.88e-12","1.80e-11","1.00e+00","1.00e+00","3.03e-05","1.00e+00","2.89e-13","1.72e-04","1.00e+00","1.00e+00","1.00e+00","1.00e+00","6.53e-02","9.80e-01","1.00e+00","1.00e+00","3.61e-04","6.45e-07","6.17e-13","3.50e-03","1.00e+00","1.00e+00","1.00e+00","9.36e-01","1.00e+00","1.00e+00","1.00e+00","1.00e+00","1.00e+00","1.98e-02","9.97e-01","1.14e-05"
"109","CHCC_HBV","T663","3","3","4","3","6","0","1","1","0","2.48e-01","1.00e+00","3.28e-07","1.17e-04","2.35e-05","3.25e-13","7.87e-01","1.00e+00","1.14e-08","9.16e-03","2.77e-05","1.26e-07","6.64e-05","2.29e-05","2.39e-17","8.01e-10","9.32e-17","4.55e-19","1.00e+00","1.00e+00","1.00e+00","9.99e-01","1.00e+00","7.39e-01","1.00e+00","9.91e-01","1.00e+00","7.41e-04","3.24e-01","2.07e-01","1.00e+00","1.00e+00","1.00e+00","2.81e-04","6.78e-01","7.25e-01","1.00e+00","1.00e+00","1.00e+00","2.63e-01","8.00e-01","2.90e-01"
"110","CHCC_HBV","T665","4","4","0","0","1","6","0","0","0","7.52e-01","6.94e-01","1.00e+00","3.05e-01","4.07e-01","1.51e-03","2.85e-01","9.36e-01","1.00e+00","5.80e-01","7.73e-02","5.52e-01","3.09e-01","6.57e-02","1.00e+00","1.51e-01","1.11e-03","9.91e-07","4.23e-12","8.15e-12","2.53e-13","3.51e-10","4.22e-11","1.57e-11","6.99e-01","4.26e-01","8.50e-01","1.00e+00","8.48e-01","8.13e-01","5.95e-01","9.24e-01","9.99e-01","1.00e+00","1.54e-01","4.48e-03","9.99e-01","4.51e-01","1.00e+00","1.00e+00","1.93e-01","9.96e-01"
"111","CHCC_HBV","T671","1","1","5","3","3","0","2","0","1","1.95e-03","1.08e-11","1.42e-15","4.26e-10","8.22e-13","6.06e-17","1.00e+00","1.12e-03","2.33e-12","3.21e-03","1.14e-11","7.39e-10","1.00e+00","9.99e-01","6.71e-10","9.88e-01","6.48e-11","4.49e-11","1.00e+00","1.00e+00","1.00e+00","1.00e+00","1.20e-02","9.86e-01","1.00e+00","9.97e-01","1.17e-02","6.80e-07","3.49e-12","8.10e-03","1.00e+00","1.00e+00","1.00e+00","9.88e-01","1.00e+00","1.00e+00","1.00e+00","1.00e+00","1.00e+00","1.46e-02","9.92e-01","5.45e-04"
"112","CHCC_HBV","T685","4","4","0","2","0","6","0","0","0","8.20e-01","4.00e-01","1.00e+00","9.87e-02","9.59e-02","7.02e-02","2.13e-01","5.10e-04","1.00e+00","3.51e-02","8.48e-04","3.05e-01","6.03e-01","1.00e+00","1.00e+00","1.93e-01","3.54e-02","8.46e-02","1.38e-12","6.90e-06","1.05e-14","5.07e-09","1.14e-13","8.81e-12","9.03e-01","9.66e-01","8.09e-01","1.00e+00","8.96e-01","7.19e-01","9.05e-01","9.99e-01","9.65e-01","1.00e+00","1.05e-01","6.17e-01","9.30e-01","6.98e-01","9.16e-01","1.00e+00","2.89e-01","3.99e-01"
"113","CHCC_HBV","T695","3","3","1","0","6","0","3","2","0","2.73e-02","1.00e+00","1.49e-01","9.19e-01","3.22e-01","7.22e-07","9.80e-01","1.00e+00","9.27e-01","1.00e+00","1.00e+00","9.45e-01","6.75e-11","5.68e-14","3.26e-17","1.21e-09","5.14e-15","3.20e-18","8.52e-01","7.36e-02","1.00e+00","1.00e+00","1.00e+00","7.10e-01","8.27e-02","6.12e-08","1.00e+00","6.03e-07","8.99e-02","7.65e-04","6.81e-01","4.68e-04","1.00e+00","1.42e-06","9.11e-01","3.60e-02","1.00e+00","5.62e-02","1.00e+00","2.92e-01","9.99e-01","9.68e-01"
"114","CHCC_HBV","T713","7","7","0","1","0","0","3","2","5","2.48e-01","8.62e-02","9.43e-01","1.00e+00","9.37e-01","1.00e+00","7.87e-01","3.27e-04","3.20e-02","9.82e-01","4.76e-02","1.00e+00","9.15e-01","1.00e+00","9.61e-01","1.00e+00","1.00e+00","1.00e+00","5.78e-02","9.68e-01","3.90e-02","1.00e+00","1.00e+00","1.00e+00","1.13e-06","1.85e-02","4.54e-11","2.91e-05","1.03e-02","9.63e-01","6.33e-02","9.53e-01","3.93e-12","1.42e-04","9.90e-01","1.00e+00","1.57e-13","1.12e-06","4.42e-19","2.16e-10","3.86e-02","3.81e-06"
"115","CHCC_HBV","T715","4","4","0","0","0","6","2","1","3","7.15e-01","2.74e-01","1.00e+00","9.99e-01","9.67e-01","1.00e+00","3.26e-01","4.42e-02","1.00e+00","7.89e-01","3.71e-01","1.00e+00","7.28e-01","9.57e-01","1.00e+00","1.00e+00","1.00e+00","1.00e+00","1.42e-15","4.59e-13","1.44e-18","3.88e-10","1.14e-13","3.70e-08","6.21e-04","2.15e-01","3.91e-08","1.00e+00","5.48e-01","9.59e-01","3.36e-02","6.32e-01","6.56e-11","1.00e+00","4.54e-01","9.46e-01","8.93e-12","1.36e-05","4.51e-15","1.00e+00","4.30e-02","5.91e-02"
"116","CHCC_HBV","T721","7","7","0","1","0","3","2","4","6","9.80e-01","9.64e-01","1.00e+00","1.00e+00","1.00e+00","1.00e+00","2.73e-02","5.33e-05","1.00e+00","9.54e-01","1.00e+00","1.00e+00","3.63e-02","1.00e+00","1.00e+00","1.00e+00","1.00e+00","1.00e+00","2.54e-12","4.63e-04","5.42e-12","8.79e-01","9.99e-01","1.00e+00","5.55e-09","4.78e-02","1.28e-13","1.23e-01","9.79e-01","1.00e+00","1.47e-11","6.45e-07","1.80e-16","8.50e-04","2.11e-02","1.00e+00","6.06e-17","1.80e-11","2.96e-19","2.78e-13","1.86e-07","7.63e-06"
"117","CHCC_HBV","T724","2","2","3","5","1","1","2","0","1","9.98e-01","3.37e-06","2.05e-05","5.21e-01","5.31e-10","2.76e-03","3.91e-03","1.42e-13","7.04e-12","3.62e-08","6.96e-12","2.46e-11","1.00e+00","1.00e+00","9.87e-01","1.00e+00","4.38e-07","3.17e-01","1.00e+00","1.00e+00","1.33e-02","8.20e-01","7.43e-08","1.54e-02","4.83e-01","1.00e+00","1.15e-05","1.83e-01","5.80e-08","2.05e-02","1.00e+00","1.00e+00","1.00e+00","1.00e+00","1.00e+00","1.00e+00","9.97e-01","1.00e+00","6.84e-01","9.85e-01","9.81e-01","5.23e-04"
"118","CHCC_HBV","T727","5","5","0","0","4","0","6","0","0","6.45e-02","9.98e-01","6.11e-02","1.00e+00","2.61e-02","4.42e-03","9.51e-01","1.00e+00","5.83e-01","1.00e+00","9.42e-01","6.31e-01","2.08e-03","6.30e-07","2.53e-05","1.00e+00","2.36e-05","8.14e-05","9.39e-01","4.19e-01","1.00e+00","1.00e+00","9.93e-01","8.78e-01","2.19e-05","1.01e-08","5.61e-05","5.79e-10","1.71e-09","7.45e-08","9.74e-01","5.90e-02","1.00e+00","7.46e-03","1.00e+00","8.15e-01","9.96e-01","3.72e-01","1.00e+00","1.23e-01","1.00e+00","1.96e-01"
"119","CHCC_HBV","T737","3","3","4","3","5","0","1","1","1","8.20e-02","9.92e-01","3.50e-13","8.07e-05","3.88e-10","1.56e-12","9.36e-01","1.00e+00","4.40e-12","9.22e-02","3.03e-05","2.74e-05","8.38e-03","2.76e-05","1.48e-18","8.60e-07","2.70e-14","3.30e-18","1.00e+00","1.00e+00","1.00e+00","1.00e+00","1.00e+00","1.00e+00","1.00e+00","9.10e-01","1.00e+00","8.21e-08","3.93e-02","1.40e-01","1.00e+00","1.00e+00","1.00e+00","1.68e-09","9.61e-01","9.96e-01","1.00e+00","1.00e+00","1.00e+00","1.61e-07","8.66e-01","4.61e-03"
"120","CHCC_HBV","T741","4","4","1","0","5","6","1","4","0","6.74e-01","1.00e+00","1.00e+00","8.49e-01","1.00e+00","1.74e-04","3.67e-01","1.00e+00","1.00e+00","1.00e+00","1.00e+00","9.71e-01","5.59e-11","5.68e-14","1.00e+00","1.18e-10","9.85e-10","1.50e-18","5.07e-14","4.85e-15","8.05e-07","2.64e-11","3.17e-09","2.67e-13","1.53e-01","7.65e-07","1.00e+00","1.00e+00","1.00e+00","2.21e-01","7.43e-07","2.18e-08","1.00e+00","1.00e+00","7.95e-08","7.63e-06","1.00e+00","3.00e-02","1.00e+00","1.00e+00","7.86e-01","1.00e+00"
"121","CHCC_HBV","T743","1","1","5","3","3","0","3","0","0","1.95e-03","4.01e-11","1.04e-14","4.02e-10","8.59e-13","2.42e-16","1.00e+00","2.15e-01","6.68e-12","3.47e-01","3.11e-09","4.39e-09","1.00e+00","7.88e-01","9.85e-13","4.85e-02","2.98e-12","1.70e-16","1.00e+00","1.00e+00","1.00e+00","1.00e+00","8.74e-01","9.65e-01","1.00e+00","6.58e-01","9.52e-01","1.68e-08","7.24e-11","2.37e-05","1.00e+00","1.00e+00","1.00e+00","1.28e-01","1.00e+00","9.41e-01","1.00e+00","1.00e+00","1.00e+00","3.60e-02","1.00e+00","6.49e-02"
"122","CHCC_HBV","T745","3","3","0","0","5","1","0","3","1","5.45e-01","1.00e+00","9.99e-01","4.98e-01","1.00e+00","7.73e-01","5.00e-01","1.00e+00","3.52e-01","2.45e-01","9.54e-01","9.99e-01","1.25e-08","4.98e-09","3.40e-07","2.73e-08","3.82e-01","2.95e-06","6.69e-04","6.49e-01","1.00e+00","9.88e-01","1.00e+00","9.67e-01","5.06e-01","7.59e-01","1.00e+00","1.24e-02","1.00e+00","1.00e+00","3.74e-05","4.62e-02","6.19e-01","3.38e-05","2.24e-05","5.17e-01","2.28e-01","1.40e-03","1.00e+00","3.32e-02","4.60e-04","5.00e-01"
"123","CHCC_HBV","T755","6","6","0","0","2","2","2","3","1","9.18e-01","1.00e+00","1.00e+00","1.00e+00","1.00e+00","9.83e-01","1.02e-01","1.00e+00","1.00e+00","1.00e+00","1.00e+00","1.00e+00","1.60e-11","1.06e-10","9.98e-01","3.68e-02","1.93e-02","2.16e-01","5.40e-15","8.12e-07","2.52e-03","8.03e-03","9.99e-01","3.67e-02","3.16e-04","4.35e-04","9.64e-01","9.92e-01","1.00e+00","9.91e-01","2.84e-06","2.00e-07","9.81e-01","1.22e-03","2.72e-10","1.85e-01","1.72e-02","1.90e-05","7.85e-01","9.64e-01","1.00e-02","8.27e-01"
"124","CHCC_HBV","T777","6","6","0","0","4","1","2","6","1","2.48e-01","1.00e+00","1.00e+00","1.00e+00","1.00e+00","9.99e-01","7.87e-01","1.00e+00","9.93e-01","1.00e+00","1.00e+00","1.00e+00","9.83e-11","1.22e-10","5.63e-04","8.86e-05","1.00e+00","2.23e-01","4.02e-05","7.40e-03","9.99e-01","9.82e-01","1.00e+00","9.98e-01","7.48e-05","3.63e-05","1.00e+00","1.80e-02","1.00e+00","7.50e-01","5.73e-13","6.02e-12","1.25e-10","8.66e-11","6.99e-13","3.81e-06","1.45e-03","1.25e-09","7.77e-01","2.33e-03","2.57e-01","1.00e+00"
"125","CHCC_HBV","T785","6","6","0","0","2","3","2","6","4","3.67e-01","1.00e+00","1.00e+00","1.00e+00","1.00e+00","1.00e+00","6.74e-01","1.00e+00","1.00e+00","1.00e+00","1.00e+00","1.00e+00","2.48e-11","1.14e-08","1.00e+00","9.97e-01","1.00e+00","1.00e+00","9.04e-13","4.17e-09","3.74e-04","7.75e-01","1.00e+00","1.00e+00","2.65e-10","3.62e-07","2.94e-03","2.28e-01","1.00e+00","9.98e-01","5.73e-13","3.88e-12","6.06e-17","1.14e-13","4.11e-14","1.61e-04","1.83e-15","3.92e-11","1.74e-16","1.76e-05","1.94e-03","1.00e+00"
"126","CHCC_HBV","T813","1","1","3","2","2","0","2","1","1","4.88e-02","6.57e-02","2.00e-08","1.15e-02","1.34e-09","4.10e-11","9.63e-01","9.25e-01","1.40e-07","5.68e-01","8.57e-05","1.89e-03","9.35e-01","7.64e-02","2.66e-12","3.98e-01","1.13e-02","1.73e-05","1.00e+00","1.00e+00","1.00e+00","1.00e+00","1.00e+00","1.00e+00","9.89e-01","4.37e-01","6.04e-01","1.33e-06","1.57e-04","4.86e-01","1.00e+00","1.00e+00","9.89e-01","1.93e-06","1.00e+00","9.98e-01","1.00e+00","9.98e-01","1.00e+00","2.32e-07","5.24e-01","2.37e-03"
"127","CHCC_HBV","T815","1","1","5","3","3","0","2","0","1","3.91e-03","2.73e-09","4.74e-14","1.56e-08","8.59e-13","4.77e-16","9.98e-01","5.25e-03","3.83e-10","9.47e-02","3.64e-09","5.37e-06","1.00e+00","9.95e-01","1.23e-06","9.07e-01","1.35e-13","1.15e-08","1.00e+00","1.00e+00","1.00e+00","1.00e+00","3.49e-01","8.79e-01","1.00e+00","9.08e-01","9.43e-02","8.30e-06","4.06e-09","2.51e-03","1.00e+00","1.00e+00","1.00e+00","6.56e-01","1.00e+00","9.99e-01","1.00e+00","1.00e+00","1.00e+00","1.22e-01","9.98e-01","9.93e-04"
"128","CHCC_HBV","T817","2","2","3","4","0","0","3","1","3","1.50e-01","2.02e-09","1.02e-08","9.94e-01","2.89e-08","9.95e-01","8.75e-01","3.04e-11","1.55e-15","1.21e-02","4.08e-12","9.98e-07","1.00e+00","1.00e+00","8.58e-03","1.00e+00","1.00e+00","1.00e+00","1.00e+00","1.00e+00","9.92e-01","1.00e+00","7.94e-01","1.00e+00","6.58e-03","9.88e-01","4.81e-13","3.32e-09","2.95e-13","2.42e-01","1.00e+00","1.00e+00","4.71e-04","2.09e-01","1.00e+00","1.00e+00","5.43e-03","1.00e+00","1.07e-10","4.13e-12","7.65e-01","3.81e-06"
"129","CHCC_HBV","T823","7","7","0","1","0","0","3","1","6","8.75e-01","8.83e-01","9.91e-01","1.00e+00","9.79e-01","1.00e+00","1.50e-01","6.61e-05","3.76e-03","4.91e-01","2.52e-02","1.00e+00","1.18e-01","1.00e+00","9.95e-01","1.00e+00","1.00e+00","1.00e+00","9.06e-03","9.96e-01","4.57e-03","1.00e+00","9.60e-01","1.00e+00","1.64e-07","5.14e-01","1.93e-10","3.56e-04","1.85e-02","1.00e+00","2.17e-02","9.75e-01","4.93e-11","4.16e-02","9.82e-01","1.00e+00","2.75e-16","5.78e-09","2.96e-19","7.58e-13","3.73e-08","3.81e-06"
"130","CHCC_HBV","T851","2","2","0","2","0","0","1","0","0","9.73e-01","1.34e-01","4.97e-01","6.75e-01","4.66e-01","8.80e-01","3.71e-02","2.19e-03","3.39e-04","1.63e-03","1.89e-04","7.94e-01","8.67e-01","9.98e-01","6.61e-01","9.99e-01","3.71e-01","9.91e-01","5.05e-01","1.00e+00","3.41e-01","9.96e-01","9.63e-01","8.83e-01","3.28e-01","9.98e-01","6.81e-04","3.98e-03","4.35e-03","7.86e-01","5.36e-01","1.00e+00","6.31e-01","3.84e-02","9.96e-01","8.86e-01","1.21e-01","2.08e-01","9.40e-03","1.18e-01","2.21e-01","1.23e-01"
"131","CHCC_HBV","T857","7","7","0","0","1","2","2","5","6","9.36e-01","1.00e+00","1.00e+00","1.00e+00","1.00e+00","1.00e+00","8.20e-02","4.29e-01","9.42e-01","8.68e-01","1.00e+00","1.00e+00","6.72e-06","5.75e-01","1.00e+00","1.00e+00","1.00e+00","1.00e+00","3.92e-11","5.82e-02","2.46e-06","7.89e-01","1.00e+00","1.00e+00","1.13e-08","1.35e-01","3.57e-10","2.13e-01","1.00e+00","1.00e+00","1.18e-12","1.38e-07","1.74e-16","1.22e-10","9.57e-06","1.00e+00","6.06e-17","1.80e-11","2.96e-19","2.79e-13","7.45e-09","1.64e-04"
"132","CHCC_HBV","T861","4","4","0","0","1","6","3","4","3","1.00e+00","1.00e+00","1.00e+00","1.00e+00","1.00e+00","1.00e+00","1.95e-03","7.95e-01","1.00e+00","9.99e-01","1.00e+00","1.00e+00","5.00e-07","2.08e-01","1.00e+00","1.00e+00","1.00e+00","1.00e+00","1.27e-15","3.19e-16","3.47e-18","2.64e-11","1.14e-13","1.21e-12","2.72e-07","5.50e-04","3.51e-06","1.00e+00","1.00e+00","9.92e-01","2.13e-07","2.67e-04","5.81e-10","1.00e+00","1.55e-04","7.52e-01","1.71e-13","1.19e-08","6.64e-16","1.00e+00","8.69e-03","2.61e-01"
"133","CHCC_HBV","T863","6","6","0","0","2","2","2","6","3","5.45e-01","1.00e+00","1.00e+00","1.00e+00","1.00e+00","1.00e+00","5.00e-01","1.00e+00","1.00e+00","1.00e+00","1.00e+00","1.00e+00","6.42e-10","2.29e-06","9.97e-01","9.77e-01","1.00e+00","1.00e+00","7.60e-09","1.34e-05","3.32e-03","6.20e-01","1.00e+00","8.51e-01","1.70e-06","2.51e-04","2.36e-02","3.83e-01","1.00e+00","9.56e-01","1.34e-12","2.19e-11","1.51e-15","6.79e-08","1.83e-09","8.56e-04","1.75e-12","4.35e-11","2.08e-11","1.50e-01","4.63e-02","9.99e-01"
"134","CHCC_HBV","T865","3","3","3","3","6","0","0","0","0","5.00e-01","1.00e+00","5.04e-06","2.16e-03","3.33e-08","1.05e-12","5.45e-01","1.00e+00","2.77e-05","4.49e-01","1.08e-05","6.28e-07","1.07e-07","3.39e-07","1.43e-14","3.11e-10","6.26e-17","3.30e-18","1.00e+00","1.00e+00","1.00e+00","9.97e-01","8.53e-01","4.64e-01","9.98e-01","5.57e-01","1.00e+00","2.85e-03","1.42e-02","3.84e-01","1.00e+00","1.00e+00","1.00e+00","1.50e-01","9.86e-01","8.86e-01","1.00e+00","1.00e+00","1.00e+00","5.38e-01","6.25e-01","1.23e-01"
"135","CHCC_HBV","T867","4","4","0","0","1","5","3","4","3","9.51e-01","1.00e+00","1.00e+00","1.00e+00","1.00e+00","1.00e+00","6.45e-02","9.98e-01","1.00e+00","1.00e+00","1.00e+00","1.00e+00","6.23e-08","2.11e-03","1.00e+00","1.00e+00","1.00e+00","1.00e+00","1.27e-15","3.67e-16","9.25e-19","4.83e-09","4.61e-04","1.05e-02","1.01e-08","8.71e-06","3.97e-09","1.00e+00","1.00e+00","9.97e-01","6.56e-13","6.13e-11","1.86e-16","1.00e+00","1.55e-09","6.17e-01","6.26e-17","3.03e-11","3.14e-19","9.90e-01","3.50e-03","3.99e-01"
"136","CHCC_HBV","T873","6","6","0","0","3","2","2","5","3","5.90e-01","1.00e+00","1.00e+00","1.00e+00","1.00e+00","1.00e+00","4.55e-01","1.00e+00","1.00e+00","1.00e+00","1.00e+00","1.00e+00","3.64e-11","1.44e-08","1.39e-04","1.87e-01","1.00e+00","5.66e-01","4.42e-05","2.23e-04","1.00e+00","9.92e-01","1.00e+00","1.00e+00","5.96e-05","5.29e-05","8.14e-01","8.39e-03","1.00e+00","9.97e-01","1.29e-12","2.09e-11","4.29e-07","1.03e-10","7.50e-08","1.64e-03","3.70e-04","1.04e-08","4.36e-01","1.27e-06","3.50e-03","9.99e-01"
"137","CHCC_HBV","T877","1","1","5","3","3","1","3","0","0","1.95e-03","5.70e-12","1.35e-14","3.01e-09","5.99e-13","4.62e-16","1.00e+00","5.04e-01","5.71e-05","9.08e-01","1.22e-10","1.77e-08","1.00e+00","5.00e-01","2.26e-05","9.97e-01","3.39e-13","3.43e-12","1.00e+00","1.00e+00","1.00e+00","1.00e+00","9.99e-06","1.52e-02","1.00e+00","9.47e-02","2.93e-03","2.43e-04","5.90e-12","2.76e-06","1.00e+00","1.00e+00","1.00e+00","1.00e+00","1.00e+00","9.98e-01","1.00e+00","1.00e+00","1.00e+00","9.85e-01","1.00e+00","2.80e-03"
"138","CHCC_HBV","T881","7","7","0","0","0","0","4","1","5","6.45e-02","2.66e-03","4.00e-02","1.00e+00","1.82e-01","1.00e+00","9.51e-01","6.57e-02","1.13e-03","9.94e-01","3.98e-03","1.00e+00","9.97e-01","9.36e-01","7.46e-01","1.00e+00","1.00e+00","1.00e+00","9.60e-01","9.99e-01","2.55e-01","1.00e+00","9.82e-01","1.00e+00","4.62e-07","6.25e-03","4.12e-13","2.10e-08","1.80e-10","9.83e-01","8.20e-01","9.96e-01","6.74e-10","1.81e-02","1.00e+00","1.00e+00","7.64e-17","8.30e-09","1.94e-16","3.06e-11","1.81e-02","7.63e-06"
"139","CHCC_HBV","T883","5","3,5","1","0","4","0","4","0","1","7.52e-01","1.00e+00","2.40e-01","9.99e-01","1.71e-03","7.82e-04","2.85e-01","9.99e-01","5.79e-02","1.00e+00","6.77e-02","3.99e-01","1.13e-05","1.12e-03","2.20e-06","1.00e+00","4.75e-07","1.51e-04","7.61e-01","9.43e-01","1.00e+00","1.00e+00","9.65e-01","1.00e+00","1.18e-03","9.14e-05","1.58e-06","1.26e-07","9.61e-09","5.02e-02","9.98e-01","9.33e-01","1.00e+00","3.64e-02","1.00e+00","9.88e-01","9.99e-01","6.04e-01","1.00e+00","2.10e-04","9.52e-01","1.34e-02"
"140","CHCC_HBV","T911","4","4","0","0","2","6","2","5","2","5.45e-01","1.00e+00","1.00e+00","1.00e+00","1.00e+00","1.00e+00","5.00e-01","1.00e+00","1.00e+00","1.00e+00","1.00e+00","1.00e+00","1.81e-09","2.57e-11","1.00e+00","4.72e-01","1.00e+00","8.54e-01","1.27e-15","2.78e-16","6.96e-18","1.41e-10","1.59e-12","2.67e-13","1.61e-05","6.33e-09","5.30e-01","1.00e+00","1.00e+00","2.97e-01","1.34e-12","3.35e-11","2.08e-06","1.00e+00","2.96e-07","3.81e-06","5.99e-05","2.49e-09","1.47e-01","1.00e+00","7.11e-01","1.00e+00"
"141","CHCC_HBV","T913","6","6","0","0","2","3","2","6","4","8.20e-01","1.00e+00","1.00e+00","1.00e+00","1.00e+00","1.00e+00","2.13e-01","1.00e+00","1.00e+00","1.00e+00","1.00e+00","1.00e+00","8.02e-10","1.06e-06","1.00e+00","9.95e-01","1.00e+00","1.00e+00","6.67e-14","5.87e-08","2.85e-05","2.26e-02","1.00e+00","9.98e-01","2.35e-07","8.70e-05","5.21e-03","9.78e-01","1.00e+00","1.00e+00","1.83e-12","7.31e-12","6.06e-17","1.14e-13","2.42e-13","1.64e-04","3.53e-15","5.07e-11","9.47e-17","2.02e-03","3.17e-05","1.00e+00"
"142","CHCC_HBV","T915","4","4","0","0","2","6","3","4","3","7.87e-01","1.00e+00","1.00e+00","1.00e+00","1.00e+00","1.00e+00","2.48e-01","1.00e+00","1.00e+00","1.00e+00","1.00e+00","1.00e+00","1.77e-09","5.76e-08","1.00e+00","9.99e-01","1.00e+00","1.00e+00","1.27e-15","2.78e-16","9.25e-19","8.41e-11","5.68e-13","8.26e-13","5.59e-07","3.89e-09","6.14e-04","1.00e+00","1.00e+00","3.14e-01","3.55e-11","2.19e-10","1.21e-12","1.00e+00","7.97e-06","1.40e-03","2.11e-11","3.04e-09","1.50e-11","1.00e+00","6.95e-01","9.99e-01"
"143","CHCC_HBV","T917","2","2","3","5","0","0","1","0","2","9.80e-01","1.50e-06","1.26e-06","1.14e-03","1.08e-06","5.38e-02","2.73e-02","1.45e-09","1.44e-14","7.28e-12","1.13e-11","7.04e-10","1.00e+00","1.00e+00","3.03e-02","9.92e-01","7.51e-01","6.83e-01","1.00e+00","1.00e+00","9.70e-01","9.85e-01","2.24e-01","1.00e+00","9.99e-01","1.00e+00","7.84e-03","1.58e-02","1.04e-05","9.90e-01","1.00e+00","1.00e+00","2.50e-01","7.80e-01","1.00e+00","1.00e+00","9.47e-01","1.00e+00","3.18e-01","5.34e-07","1.07e-02","2.10e-04"
"144","CHCC_HBV","T921","5","5","0","0","2","0","6","1","1","9.77e-03","8.03e-01","4.43e-03","1.00e+00","4.38e-02","6.75e-02","9.94e-01","9.99e-01","2.56e-01","1.00e+00","7.34e-01","9.95e-01","1.99e-01","7.98e-04","5.42e-06","1.00e+00","6.71e-01","1.04e-01","9.96e-01","7.45e-01","1.00e+00","1.00e+00","9.99e-01","1.00e+00","5.71e-10","3.64e-12","7.50e-11","3.18e-10","7.57e-14","8.20e-07","9.57e-01","2.68e-01","3.31e-01","7.41e-04","1.00e+00","9.16e-01","9.33e-01","5.19e-03","8.97e-01","8.58e-06","1.00e+00","9.07e-02"
"145","CHCC_HBV","T923","7","7","2","4","0","0","3","2","5","9.51e-01","1.90e-05","2.64e-05","6.23e-01","8.61e-02","1.00e+00","6.45e-02","2.01e-07","2.48e-15","1.82e-11","2.41e-11","2.22e-01","1.00e+00","1.00e+00","1.07e-02","1.00e+00","1.00e+00","1.00e+00","1.00e+00","1.00e+00","9.89e-01","1.00e+00","1.00e+00","1.00e+00","3.80e-01","1.00e+00","3.60e-06","2.08e-07","3.43e-05","1.00e+00","9.15e-01","1.00e+00","4.71e-09","3.59e-05","1.00e+00","1.00e+00","3.45e-10","7.81e-01","8.61e-13","1.57e-12","2.39e-04","5.34e-05"
"146","CHCC_HBV","T925","7","7","0","0","1","1","3","3","6","4.55e-01","1.00e+00","1.00e+00","1.00e+00","1.00e+00","1.00e+00","5.90e-01","9.77e-01","8.78e-01","1.00e+00","1.00e+00","1.00e+00","2.52e-04","2.38e-02","7.71e-01","1.00e+00","1.00e+00","1.00e+00","2.26e-04","1.23e-01","2.30e-01","9.97e-01","9.92e-01","1.00e+00","3.10e-08","1.94e-04","1.32e-08","3.54e-03","3.98e-01","9.99e-01","4.48e-07","2.53e-04","8.64e-10","8.76e-03","6.04e-01","9.99e-01","3.47e-16","7.58e-09","1.68e-16","1.36e-07","9.29e-04","7.90e-04"
"147","CHCC_HBV","T937","7","7","0","0","2","1","1","2","5","8.98e-01","1.00e+00","1.00e+00","1.00e+00","1.00e+00","1.00e+00","1.25e-01","1.00e+00","3.45e-01","8.42e-01","9.98e-01","1.00e+00","3.31e-08","1.11e-04","3.62e-01","7.89e-01","9.92e-01","1.00e+00","4.20e-04","6.57e-01","6.39e-01","9.64e-01","1.00e+00","1.00e+00","7.55e-08","1.62e-01","2.13e-01","3.69e-02","9.95e-01","1.00e+00","5.01e-05","2.21e-03","8.55e-03","4.30e-04","5.50e-03","7.79e-01","1.06e-09","5.58e-07","2.33e-07","8.89e-05","3.64e-05","2.34e-01"
"148","CHCC_HBV","T943","1","1,2","5","5","3","0","2","0","2","5.00e-01","1.18e-04","2.20e-12","6.40e-06","1.03e-09","8.62e-11","5.45e-01","2.42e-05","1.66e-15","1.12e-09","4.96e-12","5.62e-11","1.00e+00","1.00e+00","4.54e-13","1.19e-01","6.12e-05","1.19e-06","1.00e+00","1.00e+00","1.00e+00","1.00e+00","9.82e-01","1.00e+00","1.00e+00","1.00e+00","8.82e-01","1.81e-06","8.74e-04","8.07e-01","1.00e+00","1.00e+00","1.00e+00","1.87e-02","9.99e-01","1.00e+00","1.00e+00","1.00e+00","1.00e+00","1.09e-08","2.00e-01","2.10e-04"
"149","CHCC_HBV","T951","1","1","5","3","3","0","3","0","0","1.95e-03","4.93e-04","3.27e-15","2.03e-08","1.92e-12","6.92e-17","1.00e+00","9.98e-01","7.82e-08","9.91e-01","4.49e-09","4.74e-10","1.00e+00","2.01e-03","2.43e-16","4.21e-03","6.27e-17","3.79e-18","1.00e+00","1.00e+00","1.00e+00","1.00e+00","5.26e-01","2.60e-01","1.00e+00","9.16e-03","9.96e-01","1.10e-09","2.85e-13","2.29e-06","1.00e+00","1.00e+00","1.00e+00","4.79e-01","1.00e+00","9.92e-01","1.00e+00","1.00e+00","1.00e+00","7.42e-01","1.00e+00","8.97e-03"
"150","CHCC_HBV","T953","3","3","4","2","6","0","0","1","0","6.33e-01","1.00e+00","7.71e-07","9.72e-05","6.19e-05","1.35e-13","4.10e-01","1.00e+00","4.71e-04","2.58e-02","1.90e-02","1.27e-05","9.38e-11","3.64e-08","1.01e-18","3.95e-14","1.69e-16","2.96e-19","1.00e+00","1.00e+00","1.00e+00","7.16e-01","1.00e+00","1.15e-01","1.00e+00","9.75e-01","1.00e+00","2.86e-01","9.98e-01","8.66e-01","1.00e+00","9.81e-01","1.00e+00","8.11e-07","1.58e-03","1.18e-02","1.00e+00","1.00e+00","1.00e+00","8.87e-01","1.40e-01","9.90e-01"
"151","CHCC_HBV","T955","6","6,7","0","0","2","3","2","5","5","8.50e-01","1.00e+00","1.00e+00","1.00e+00","1.00e+00","1.00e+00","1.80e-01","1.00e+00","1.00e+00","1.00e+00","1.00e+00","1.00e+00","2.98e-10","2.89e-07","1.00e+00","9.98e-01","1.00e+00","1.00e+00","1.91e-13","9.60e-11","4.50e-07","9.75e-03","1.00e+00","1.00e+00","3.37e-09","1.31e-04","2.42e-03","9.90e-01","1.00e+00","1.00e+00","1.34e-12","4.96e-12","9.22e-15","7.96e-13","1.50e-13","1.14e-01","6.06e-17","1.80e-11","2.42e-18","4.91e-05","6.27e-05","8.94e-01"
"152","CHCC_HBV","T957","3","3","1","0","6","0","0","0","0","5.45e-01","1.00e+00","8.52e-03","9.49e-03","3.26e-03","2.01e-12","5.00e-01","1.00e+00","1.63e-02","6.51e-01","2.87e-03","1.01e-02","1.03e-11","2.84e-14","1.47e-17","1.40e-12","9.02e-17","3.52e-19","9.92e-01","9.84e-01","1.00e+00","9.99e-01","9.89e-01","1.69e-01","9.91e-01","3.55e-01","1.00e+00","1.27e-03","4.91e-02","1.87e-01","9.97e-01","9.97e-01","1.00e+00","1.09e-02","9.51e-01","3.20e-01","1.00e+00","9.90e-01","1.00e+00","8.32e-01","8.20e-01","6.95e-01"
"153","CHCC_HBV","T963","5","5","0","0","2","2","6","3","3","3.71e-02","1.00e+00","9.99e-01","1.00e+00","9.95e-01","1.00e+00","9.73e-01","1.00e+00","1.00e+00","1.00e+00","1.00e+00","1.00e+00","1.81e-05","4.27e-06","9.79e-01","1.00e+00","1.00e+00","1.00e+00","5.10e-04","1.05e-04","2.16e-02","1.00e+00","9.99e-01","9.96e-01","2.65e-10","3.64e-12","2.30e-12","4.61e-09","1.55e-08","5.22e-08","4.99e-03","9.19e-05","1.62e-06","7.15e-04","1.00e+00","9.91e-01","8.63e-13","2.11e-08","1.60e-12","3.87e-03","1.00e+00","1.04e-02"
"154","CHCC_HBV","T965","1","1","5","3","4","2","3","0","0","1.95e-03","4.02e-09","1.04e-13","2.40e-09","5.73e-13","6.06e-17","1.00e+00","9.78e-01","1.26e-05","6.13e-01","5.36e-10","2.53e-10","1.00e+00","2.25e-02","7.19e-13","2.22e-06","7.64e-17","4.69e-19","1.00e+00","1.00e+00","1.00e+00","9.99e-01","8.29e-04","2.26e-06","1.00e+00","3.93e-01","1.00e+00","6.28e-04","1.72e-11","1.29e-05","1.00e+00","1.00e+00","1.00e+00","9.99e-01","1.00e+00","6.95e-01","1.00e+00","1.00e+00","1.00e+00","1.00e+00","1.00e+00","3.20e-01"
"155","CHCC_HBV","T967","1","1,5","5","3","3","0","5","0","0","1.95e-03","5.34e-06","1.22e-08","4.92e-05","2.09e-12","4.01e-15","1.00e+00","9.04e-01","6.73e-04","9.99e-01","6.57e-07","7.31e-04","1.00e+00","9.81e-02","4.27e-04","9.99e-01","9.40e-13","2.95e-09","1.00e+00","9.99e-01","1.00e+00","1.00e+00","2.31e-01","1.48e-01","1.00e+00","5.83e-04","7.97e-04","3.84e-06","9.46e-10","8.12e-05","1.00e+00","1.00e+00","1.00e+00","7.73e-01","1.00e+00","9.63e-01","1.00e+00","9.99e-01","1.00e+00","8.54e-01","1.00e+00","4.07e-02"
"156","CHCC_HBV","T975","5","5","1","0","1","0","6","0","1","1.95e-02","7.04e-02","8.52e-03","1.00e+00","5.50e-04","3.99e-01","9.86e-01","9.66e-01","4.14e-01","1.00e+00","2.03e-02","9.70e-01","9.31e-01","3.46e-02","7.76e-04","1.00e+00","8.86e-01","9.84e-01","9.92e-01","5.88e-01","9.99e-01","1.00e+00","9.02e-01","1.00e+00","2.65e-10","3.64e-12","5.25e-14","2.64e-11","3.95e-14","7.45e-09","9.99e-01","9.80e-01","1.15e-01","1.00e-01","1.00e+00","9.98e-01","6.02e-01","3.09e-02","1.64e-02","1.49e-04","1.00e+00","2.37e-03"
"157","CHCC_HBV","T977","4","3,4","1","0","5","5","1","1","0","1.25e-01","1.00e+00","1.00e+00","9.90e-01","8.54e-01","2.83e-07","8.98e-01","1.00e+00","1.00e+00","1.00e+00","1.00e+00","9.92e-01","2.57e-07","3.69e-10","9.99e-01","6.37e-04","9.40e-13","1.11e-15","1.35e-14","4.51e-16","1.21e-03","2.03e-06","1.22e-10","2.67e-13","1.03e-02","2.77e-09","9.99e-01","1.00e+00","3.50e-01","6.04e-03","1.48e-01","3.62e-05","1.00e+00","1.00e+00","6.52e-01","1.71e-02","1.00e+00","8.55e-03","1.00e+00","1.00e+00","9.94e-01","9.85e-01"
"158","CHCC_HBV","T981","4","4","0","0","2","6","1","5","2","2.48e-01","1.00e+00","1.00e+00","9.97e-01","1.00e+00","1.00e+00","7.87e-01","1.00e+00","1.00e+00","1.00e+00","1.00e+00","1.00e+00","5.33e-11","1.82e-11","1.00e+00","1.33e-01","1.00e+00","9.98e-01","1.27e-15","2.78e-16","6.05e-17","5.25e-11","5.84e-07","1.07e-12","3.42e-03","4.04e-07","8.68e-01","1.00e+00","1.00e+00","9.82e-01","7.42e-12","4.04e-11","1.14e-11","1.00e+00","4.07e-11","3.81e-06","1.81e-05","1.77e-08","1.66e-03","1.00e+00","1.93e-02","1.00e+00"
"159","CHCC_HBV","T983","1","1,2","5","5","3","0","2","0","2","1.37e-02","9.82e-12","1.27e-15","2.65e-10","5.73e-13","6.06e-17","9.90e-01","6.85e-09","5.18e-15","1.56e-10","6.13e-11","8.43e-11","1.00e+00","1.00e+00","9.37e-13","7.84e-01","1.10e-12","1.15e-13","1.00e+00","1.00e+00","1.00e+00","1.00e+00","9.64e-01","1.00e+00","1.00e+00","1.00e+00","2.18e-01","2.06e-09","2.10e-11","3.27e-02","1.00e+00","1.00e+00","1.00e+00","3.70e-02","1.00e+00","1.00e+00","1.00e+00","1.00e+00","1.00e+00","4.39e-05","9.69e-01","2.67e-04"
